2024-10-18 23:47:51,407 [INFO] Activator:176 - 


2024-10-18 23:47:51,407 [INFO] Activator:177 - !SESSION log4j initialized
2024-10-18 23:47:53,628 [INFO] LogOutputStream:77 - [STDOUT_REDIRECT] 
2024-10-18 23:47:55,937 [INFO] ApplicationProperties:184 - Using Application install path: C:\ST\STM32CubeIDE_1.11.2\STM32CubeIDE\plugins\com.st.stm32cube.common.mx_6.12.1.202409122256
2024-10-18 23:47:55,952 [INFO] DbMcusXml:78 - Set database path to: C:\ST\STM32CubeIDE_1.11.2\STM32CubeIDE\plugins\com.st.stm32cube.common.mx_6.12.1.202409122256\\db\/mcu/
2024-10-18 23:47:55,952 [INFO] ApiDb:274 - Set plugin database path to: C:\ST\STM32CubeIDE_1.11.2\STM32CubeIDE\plugins\com.st.stm32cube.common.mx_6.12.1.202409122256\\db\/plugins/boardmanager/
2024-10-18 23:47:55,953 [WARN] ApiDb:259 - Overriding images path with different value:  => C:\ST\STM32CubeIDE_1.11.2\STM32CubeIDE\plugins\com.st.stm32cube.common.mx_6.12.1.202409122256\\db\/plugins/mcufinder/images/
2024-10-18 23:47:55,957 [INFO] ApiDb:250 - Set database path to: C:\Users\diobe\.stmcufinder\plugins\mcufinder//mcu/
2024-10-18 23:47:55,957 [INFO] DbMcusAds:125 - Set database path to: C:\Users\diobe\.stmcufinder\plugins\mcufinder//mcu/
2024-10-18 23:47:55,959 [INFO] CrossReferenceDbSqlite:203 - Set database path to: C:\Users\diobe\.stmcufinder\plugins\mcufinder//mcu/cs/
2024-10-18 23:47:56,056 [INFO] RulesReader:64 - Compatibility file has been processed (297 Rules)
2024-10-18 23:47:56,129 [INFO] DbMcusXml:78 - Set database path to: C:\ST\STM32CubeIDE_1.11.2\STM32CubeIDE\plugins\com.st.stm32cube.common.mx_6.12.1.202409122256\\db\/mcu/
2024-10-18 23:47:56,129 [INFO] ApiDb:274 - Set plugin database path to: C:\ST\STM32CubeIDE_1.11.2\STM32CubeIDE\plugins\com.st.stm32cube.common.mx_6.12.1.202409122256\\db\/plugins/boardmanager/
2024-10-18 23:47:56,129 [INFO] ApiDb:261 - Set plugin images path to: C:\ST\STM32CubeIDE_1.11.2\STM32CubeIDE\plugins\com.st.stm32cube.common.mx_6.12.1.202409122256\\db\/plugins/mcufinder/images/
2024-10-18 23:47:56,129 [WARN] DbFile:41 - Overriding database path with different value: C:\Users\diobe\.stmcufinder\plugins\mcufinder/ => C:\Users\diobe\.stmcufinder\plugins\mcufinder
2024-10-18 23:47:56,129 [INFO] ApiDb:250 - Set database path to: C:\Users\diobe\.stmcufinder\plugins\mcufinder//mcu/
2024-10-18 23:47:56,129 [WARN] DbFile:41 - Overriding database path with different value: C:\Users\diobe\.stmcufinder\plugins\mcufinder/ => C:\Users\diobe\.stmcufinder\plugins\mcufinder
2024-10-18 23:47:56,129 [INFO] DbMcusAds:125 - Set database path to: C:\Users\diobe\.stmcufinder\plugins\mcufinder//mcu/
2024-10-18 23:47:56,129 [WARN] DbFile:41 - Overriding database path with different value: C:\Users\diobe\.stmcufinder\plugins\mcufinder/ => C:\Users\diobe\.stmcufinder\plugins\mcufinder
2024-10-18 23:47:56,130 [WARN] DbFile:41 - Overriding database path with different value: C:\Users\diobe\.stmcufinder\plugins\mcufinder/ => C:\Users\diobe\.stmcufinder\plugins\mcufinder
2024-10-18 23:47:56,130 [INFO] CrossReferenceDbSqlite:203 - Set database path to: C:\Users\diobe\.stmcufinder\plugins\mcufinder//mcu/cs/
2024-10-18 23:47:56,214 [INFO] MainPanel:268 - HeapMemory: 268435456
2024-10-18 23:47:56,319 [INFO] DbMcusXml:78 - Set database path to: C:\ST\STM32CubeIDE_1.11.2\STM32CubeIDE\plugins\com.st.stm32cube.common.mx_6.12.1.202409122256\\db\/mcu/
2024-10-18 23:47:56,319 [INFO] ApiDb:274 - Set plugin database path to: C:\ST\STM32CubeIDE_1.11.2\STM32CubeIDE\plugins\com.st.stm32cube.common.mx_6.12.1.202409122256\\db\/plugins/boardmanager/
2024-10-18 23:47:56,319 [INFO] ApiDb:261 - Set plugin images path to: C:\ST\STM32CubeIDE_1.11.2\STM32CubeIDE\plugins\com.st.stm32cube.common.mx_6.12.1.202409122256\\db\/plugins/mcufinder/images/
2024-10-18 23:47:56,320 [WARN] DbFile:41 - Overriding database path with different value: C:\Users\diobe\.stmcufinder\plugins\mcufinder/ => C:\Users\diobe\.stmcufinder\plugins\mcufinder
2024-10-18 23:47:56,320 [INFO] ApiDb:250 - Set database path to: C:\Users\diobe\.stmcufinder\plugins\mcufinder//mcu/
2024-10-18 23:47:56,320 [WARN] DbFile:41 - Overriding database path with different value: C:\Users\diobe\.stmcufinder\plugins\mcufinder/ => C:\Users\diobe\.stmcufinder\plugins\mcufinder
2024-10-18 23:47:56,320 [INFO] DbMcusAds:125 - Set database path to: C:\Users\diobe\.stmcufinder\plugins\mcufinder//mcu/
2024-10-18 23:47:56,320 [WARN] DbFile:41 - Overriding database path with different value: C:\Users\diobe\.stmcufinder\plugins\mcufinder/ => C:\Users\diobe\.stmcufinder\plugins\mcufinder
2024-10-18 23:47:56,320 [WARN] DbFile:41 - Overriding database path with different value: C:\Users\diobe\.stmcufinder\plugins\mcufinder/ => C:\Users\diobe\.stmcufinder\plugins\mcufinder
2024-10-18 23:47:56,320 [INFO] CrossReferenceDbSqlite:203 - Set database path to: C:\Users\diobe\.stmcufinder\plugins\mcufinder//mcu/cs/
2024-10-18 23:47:56,338 [INFO] ApplicationProperties:184 - Using Application install path: C:\ST\STM32CubeIDE_1.11.2\STM32CubeIDE\plugins\com.st.stm32cube.common.mx_6.12.1.202409122256
2024-10-18 23:47:56,339 [INFO] PluginManage:196 - Search for loadable plugins [exclusion list=, ]
2024-10-18 23:47:56,340 [INFO] PluginManage:310 - Check plugin analytics
2024-10-18 23:47:56,555 [INFO] AnalyticsPlugin:253 - Accepted Software Licenses: 
2024-10-18 23:47:56,556 [INFO] AnalyticsPlugin:255 - Accepted CMSIS Pack Licenses: 
2024-10-18 23:47:56,556 [INFO] AnalyticsPlugin:257 - Accepted Firmware Licenses: 
2024-10-18 23:47:56,560 [INFO] PluginManage:359 - Loaded plugin analytics (category:tool,tabindex:-1)
2024-10-18 23:47:56,561 [INFO] PluginManage:310 - Check plugin cadmodel
2024-10-18 23:47:56,566 [INFO] CADModel:105 - Init CAD model plugin
2024-10-18 23:47:56,566 [INFO] PluginManage:359 - Loaded plugin cadmodel (category:power,tabindex:5)
2024-10-18 23:47:56,566 [INFO] PluginManage:310 - Check plugin clock
2024-10-18 23:47:56,580 [INFO] PluginManage:359 - Loaded plugin clock (category:base,tabindex:2)
2024-10-18 23:47:56,580 [INFO] PluginManage:310 - Check plugin ddr
2024-10-18 23:47:56,584 [INFO] PluginManage:359 - Loaded plugin ddr (category:tool,tabindex:6)
2024-10-18 23:47:56,585 [INFO] PluginManage:310 - Check plugin filemanager
2024-10-18 23:47:56,747 [INFO] PluginManage:359 - Loaded plugin filemanager (category:base,tabindex:10)
2024-10-18 23:47:56,748 [INFO] PluginManage:310 - Check plugin ipmanager
2024-10-18 23:47:56,755 [INFO] PluginManage:359 - Loaded plugin ipmanager (category:base,tabindex:5)
2024-10-18 23:47:56,755 [INFO] PluginManage:310 - Check plugin lpbam
2024-10-18 23:47:56,764 [INFO] PluginManage:359 - Loaded plugin lpbam (category:base,tabindex:0)
2024-10-18 23:47:56,764 [INFO] PluginManage:310 - Check plugin memorymap
2024-10-18 23:47:56,775 [INFO] PluginManage:359 - Loaded plugin memorymap (category:base,tabindex:4)
2024-10-18 23:47:56,776 [INFO] PluginManage:310 - Check plugin pinoutandconfiguration
2024-10-18 23:47:56,786 [INFO] PluginManage:359 - Loaded plugin pinoutandconfiguration (category:base,tabindex:1)
2024-10-18 23:47:56,786 [INFO] PluginManage:310 - Check plugin pinoutconfig
2024-10-18 23:47:56,882 [WARN] SupportedApi:132 - Cannot load RTOS API schema: s4s-elt-must-match.1: The content of 'definitions' must match (annotation?, (simpleType | complexType)?, (unique | key | keyref)*)). A problem was found starting at: attribute.
2024-10-18 23:47:57,026 [INFO] PluginManage:359 - Loaded plugin pinoutconfig (category:base,tabindex:0)
2024-10-18 23:47:57,026 [INFO] PluginManage:310 - Check plugin power
2024-10-18 23:47:57,033 [INFO] PluginManage:359 - Loaded plugin power (category:power,tabindex:4)
2024-10-18 23:47:57,033 [INFO] PluginManage:310 - Check plugin projectmanager
2024-10-18 23:47:57,048 [INFO] PluginManage:359 - Loaded plugin projectmanager (category:projectmanager,tabindex:4)
2024-10-18 23:47:57,049 [INFO] PluginManage:310 - Check plugin rif
2024-10-18 23:47:57,055 [INFO] PluginManage:359 - Loaded plugin rif (category:base,tabindex:3)
2024-10-18 23:47:57,056 [INFO] PluginManage:310 - Check plugin thirdparty
2024-10-18 23:47:57,175 [WARN] IntegrityCheckThread:84 - waiting for thirdparty lock release [integrity check]
2024-10-18 23:47:57,176 [INFO] PluginManage:359 - Loaded plugin thirdparty (category:base,tabindex:-1)
2024-10-18 23:47:57,176 [INFO] IntegrityCheckThread:86 - entering critical section [integrity check]
2024-10-18 23:47:57,176 [INFO] PluginManage:310 - Check plugin tools
2024-10-18 23:47:57,176 [INFO] ThirdPartyUpdaterWithRetryManager:70 - Updater plugin not ready yet. [1/15]
2024-10-18 23:47:57,180 [INFO] PluginManage:359 - Loaded plugin tools (category:base,tabindex:7)
2024-10-18 23:47:57,180 [INFO] PluginManage:310 - Check plugin tutovideos
2024-10-18 23:47:57,361 [INFO] PluginManage:359 - Loaded plugin tutovideos (category:base,tabindex:-1)
2024-10-18 23:47:57,361 [INFO] PluginManage:310 - Check plugin updater
2024-10-18 23:47:57,384 [INFO] PluginManage:359 - Loaded plugin updater (category:base,tabindex:12)
2024-10-18 23:47:57,384 [INFO] PluginManage:310 - Check plugin userauth
2024-10-18 23:47:57,389 [INFO] UserAuth:113 - Init User Auth plugin
2024-10-18 23:47:57,389 [INFO] PluginManage:359 - Loaded plugin userauth (category:base,tabindex:14)
2024-10-18 23:47:57,389 [INFO] PluginManage:283 - PluginManage : Loaded plugins [18]
2024-10-18 23:47:57,566 [INFO] PinOutPanel:1561 - setPackage(No Configuration,No Configuration)
2024-10-18 23:47:57,650 [INFO] CADModel:165 - CPN selected for project level
2024-10-18 23:47:57,650 [INFO] CADModel:114 - Register for checkConnection events
2024-10-18 23:47:57,664 [INFO] IPUIPlugin:80 - create IPUIPlugin
2024-10-18 23:47:57,664 [INFO] PluginManager:220 - loadIPPluginJar : add adc
2024-10-18 23:47:57,666 [INFO] IPUIPlugin:80 - create IPUIPlugin
2024-10-18 23:47:57,666 [INFO] PluginManager:220 - loadIPPluginJar : add aes
2024-10-18 23:47:57,668 [INFO] IPUIPlugin:80 - create IPUIPlugin
2024-10-18 23:47:57,668 [INFO] PluginManager:220 - loadIPPluginJar : add can
2024-10-18 23:47:57,669 [INFO] IPUIPlugin:80 - create IPUIPlugin
2024-10-18 23:47:57,670 [INFO] PluginManager:220 - loadIPPluginJar : add comp
2024-10-18 23:47:57,671 [INFO] IPUIPlugin:80 - create IPUIPlugin
2024-10-18 23:47:57,671 [INFO] PluginManager:220 - loadIPPluginJar : add cryp
2024-10-18 23:47:57,673 [INFO] IPUIPlugin:80 - create IPUIPlugin
2024-10-18 23:47:57,673 [INFO] PluginManager:220 - loadIPPluginJar : add ddr_ctrl_phy
2024-10-18 23:47:57,675 [INFO] IPUIPlugin:80 - create IPUIPlugin
2024-10-18 23:47:57,675 [INFO] PluginManager:220 - loadIPPluginJar : add dfsdm
2024-10-18 23:47:57,680 [INFO] IPUIPlugin:80 - create IPUIPlugin
2024-10-18 23:47:57,681 [INFO] PluginManager:220 - loadIPPluginJar : add dma
2024-10-18 23:47:57,683 [INFO] IPUIPlugin:80 - create IPUIPlugin
2024-10-18 23:47:57,683 [INFO] PluginManager:220 - loadIPPluginJar : add dma3
2024-10-18 23:47:57,686 [INFO] IPUIPlugin:80 - create IPUIPlugin
2024-10-18 23:47:57,686 [INFO] PluginManager:220 - loadIPPluginJar : add extmemmanager
2024-10-18 23:47:57,687 [INFO] IPUIPlugin:80 - create IPUIPlugin
2024-10-18 23:47:57,687 [INFO] PluginManager:220 - loadIPPluginJar : add fatfs
2024-10-18 23:47:57,691 [INFO] IPUIPlugin:80 - create IPUIPlugin
2024-10-18 23:47:57,691 [INFO] PluginManager:220 - loadIPPluginJar : add fmc
2024-10-18 23:47:57,695 [INFO] IPUIPlugin:80 - create IPUIPlugin
2024-10-18 23:47:57,696 [INFO] PluginManager:220 - loadIPPluginJar : add freertos
2024-10-18 23:47:57,697 [INFO] IPUIPlugin:80 - create IPUIPlugin
2024-10-18 23:47:57,697 [INFO] PluginManager:220 - loadIPPluginJar : add genericplugin
2024-10-18 23:47:57,698 [INFO] IPUIPlugin:80 - create IPUIPlugin
2024-10-18 23:47:57,698 [INFO] PluginManager:220 - loadIPPluginJar : add gfxmmu
2024-10-18 23:47:57,703 [INFO] IPUIPlugin:80 - create IPUIPlugin
2024-10-18 23:47:57,703 [INFO] PluginManager:220 - loadIPPluginJar : add gic
2024-10-18 23:47:57,706 [INFO] IPUIPlugin:80 - create IPUIPlugin
2024-10-18 23:47:57,707 [INFO] PluginManager:220 - loadIPPluginJar : add gpio
2024-10-18 23:47:57,709 [INFO] IPUIPlugin:80 - create IPUIPlugin
2024-10-18 23:47:57,709 [INFO] PluginManager:220 - loadIPPluginJar : add gtzc
2024-10-18 23:47:57,711 [INFO] IPUIPlugin:80 - create IPUIPlugin
2024-10-18 23:47:57,711 [INFO] PluginManager:220 - loadIPPluginJar : add hash
2024-10-18 23:47:57,714 [INFO] IPUIPlugin:80 - create IPUIPlugin
2024-10-18 23:47:57,714 [INFO] PluginManager:220 - loadIPPluginJar : add i2c
2024-10-18 23:47:57,717 [INFO] IPUIPlugin:80 - create IPUIPlugin
2024-10-18 23:47:57,717 [INFO] PluginManager:220 - loadIPPluginJar : add i2s
2024-10-18 23:47:57,719 [INFO] IPUIPlugin:80 - create IPUIPlugin
2024-10-18 23:47:57,719 [INFO] PluginManager:220 - loadIPPluginJar : add i3c
2024-10-18 23:47:57,722 [INFO] IPUIPlugin:80 - create IPUIPlugin
2024-10-18 23:47:57,722 [INFO] PluginManager:220 - loadIPPluginJar : add ipddr
2024-10-18 23:47:57,728 [INFO] IPUIPlugin:80 - create IPUIPlugin
2024-10-18 23:47:57,729 [INFO] PluginManager:220 - loadIPPluginJar : add linkedlist
2024-10-18 23:47:57,732 [INFO] IPUIPlugin:80 - create IPUIPlugin
2024-10-18 23:47:57,732 [INFO] PluginManager:220 - loadIPPluginJar : add lorawan
2024-10-18 23:47:57,733 [INFO] IPUIPlugin:80 - create IPUIPlugin
2024-10-18 23:47:57,733 [INFO] PluginManager:220 - loadIPPluginJar : add ltdc
2024-10-18 23:47:57,738 [INFO] IPUIPlugin:80 - create IPUIPlugin
2024-10-18 23:47:57,738 [INFO] PluginManager:220 - loadIPPluginJar : add mdma
2024-10-18 23:47:57,741 [INFO] IPUIPlugin:80 - create IPUIPlugin
2024-10-18 23:47:57,741 [INFO] PluginManager:220 - loadIPPluginJar : add nvic
2024-10-18 23:47:57,743 [INFO] IPUIPlugin:80 - create IPUIPlugin
2024-10-18 23:47:57,743 [INFO] PluginManager:220 - loadIPPluginJar : add opamp
2024-10-18 23:47:57,745 [INFO] IPUIPlugin:80 - create IPUIPlugin
2024-10-18 23:47:57,745 [INFO] PluginManager:220 - loadIPPluginJar : add openamp
2024-10-18 23:47:57,747 [INFO] IPUIPlugin:80 - create IPUIPlugin
2024-10-18 23:47:57,747 [INFO] PluginManager:220 - loadIPPluginJar : add pdm2pcm
2024-10-18 23:47:57,752 [INFO] IPUIPlugin:80 - create IPUIPlugin
2024-10-18 23:47:57,754 [INFO] PluginManager:220 - loadIPPluginJar : add plateformsettings
2024-10-18 23:47:57,757 [INFO] IPUIPlugin:80 - create IPUIPlugin
2024-10-18 23:47:57,757 [INFO] PluginManager:220 - loadIPPluginJar : add quadspi
2024-10-18 23:47:57,759 [INFO] IPUIPlugin:80 - create IPUIPlugin
2024-10-18 23:47:57,761 [INFO] PluginManager:220 - loadIPPluginJar : add radio
2024-10-18 23:47:57,763 [INFO] IPUIPlugin:80 - create IPUIPlugin
2024-10-18 23:47:57,764 [INFO] PluginManager:220 - loadIPPluginJar : add resmgrutility
2024-10-18 23:47:57,766 [INFO] IPUIPlugin:80 - create IPUIPlugin
2024-10-18 23:47:57,766 [INFO] PluginManager:220 - loadIPPluginJar : add sai
2024-10-18 23:47:57,770 [INFO] IPUIPlugin:80 - create IPUIPlugin
2024-10-18 23:47:57,770 [INFO] PluginManager:220 - loadIPPluginJar : add spi
2024-10-18 23:47:57,774 [INFO] IPUIPlugin:80 - create IPUIPlugin
2024-10-18 23:47:57,774 [INFO] PluginManager:220 - loadIPPluginJar : add stm32_wpan
2024-10-18 23:47:57,776 [INFO] IPUIPlugin:80 - create IPUIPlugin
2024-10-18 23:47:57,776 [INFO] PluginManager:220 - loadIPPluginJar : add tim
2024-10-18 23:47:57,778 [INFO] IPUIPlugin:80 - create IPUIPlugin
2024-10-18 23:47:57,779 [INFO] PluginManager:220 - loadIPPluginJar : add touchsensing
2024-10-18 23:47:57,780 [INFO] IPUIPlugin:80 - create IPUIPlugin
2024-10-18 23:47:57,780 [INFO] PluginManager:220 - loadIPPluginJar : add tracer_emb
2024-10-18 23:47:57,786 [INFO] IPUIPlugin:80 - create IPUIPlugin
2024-10-18 23:47:57,786 [INFO] PluginManager:220 - loadIPPluginJar : add ts
2024-10-18 23:47:57,788 [INFO] IPUIPlugin:80 - create IPUIPlugin
2024-10-18 23:47:57,788 [INFO] PluginManager:220 - loadIPPluginJar : add tsc
2024-10-18 23:47:57,790 [INFO] IPUIPlugin:80 - create IPUIPlugin
2024-10-18 23:47:57,790 [INFO] PluginManager:220 - loadIPPluginJar : add ucpd
2024-10-18 23:47:57,792 [INFO] IPUIPlugin:80 - create IPUIPlugin
2024-10-18 23:47:57,792 [INFO] PluginManager:220 - loadIPPluginJar : add usart
2024-10-18 23:47:57,794 [INFO] IPUIPlugin:80 - create IPUIPlugin
2024-10-18 23:47:57,794 [INFO] PluginManager:220 - loadIPPluginJar : add usbx
2024-10-18 23:47:57,908 [INFO] CADModel:165 - CPN selected for project level
2024-10-18 23:47:57,909 [INFO] CADModel:114 - Register for checkConnection events
2024-10-18 23:47:57,909 [FATAL] Updater:334 - Updater called before beeing initialized
2024-10-18 23:47:57,909 [ERROR] CADModel:125 - Updater not yet initialized, retry later 
2024-10-18 23:47:58,024 [INFO] CADModel:165 - CPN selected for project level
2024-10-18 23:47:58,024 [INFO] CADModel:114 - Register for checkConnection events
2024-10-18 23:47:58,024 [FATAL] Updater:334 - Updater called before beeing initialized
2024-10-18 23:47:58,024 [ERROR] CADModel:125 - Updater not yet initialized, retry later 
2024-10-18 23:47:58,026 [FATAL] Updater:334 - Updater called before beeing initialized
2024-10-18 23:47:58,114 [FATAL] Updater:334 - Updater called before beeing initialized
2024-10-18 23:47:58,118 [INFO] DbMcusAds:53 - JSON generation date=Fri Sep 20 07:04:38 CST 2024 (1726837478367)
2024-10-18 23:47:58,118 [FATAL] Updater:334 - Updater called before beeing initialized
2024-10-18 23:47:58,152 [WARN] DetailPanel:346 - Failed to get advertising image, set to default
2024-10-18 23:47:58,243 [FATAL] Updater:334 - Updater called before beeing initialized
2024-10-18 23:47:58,244 [FATAL] Updater:334 - Updater called before beeing initialized
2024-10-18 23:47:58,244 [FATAL] Updater:334 - Updater called before beeing initialized
2024-10-18 23:47:58,244 [WARN] DetailPanel:346 - Failed to get advertising image, set to default
2024-10-18 23:47:58,245 [FATAL] Updater:334 - Updater called before beeing initialized
2024-10-18 23:47:58,297 [ERROR] Updater:1164 - MainUpdater not yet initialized. External WinMGr cannot be set.
2024-10-18 23:47:58,300 [INFO] Updater:1100 - Updater Version found : 6.12.1
2024-10-18 23:47:58,305 [INFO] McuFinderGlobals:63 - Set McuFinder mode to 2 (CubeIDE integrated)
2024-10-18 23:47:58,321 [INFO] ApplicationProperties:184 - Using Application install path: C:\ST\STM32CubeIDE_1.11.2\STM32CubeIDE\plugins\com.st.stm32cube.common.mx_6.12.1.202409122256
2024-10-18 23:47:59,898 [ERROR] LogOutputStream:75 - [STDERR_REDIRECT] Oct 18, 2024 11:47:59 PM java.util.prefs.WindowsPreferences <init>
2024-10-18 23:47:59,899 [ERROR] LogOutputStream:75 - [STDERR_REDIRECT] WARNING: Could not open/create prefs root node Software\JavaSoft\Prefs at root 0xffffffff80000002. Windows RegCreateKeyEx(...) returned error code 5.
2024-10-18 23:47:59,899 [ERROR] LogOutputStream:75 - [STDERR_REDIRECT] 
2024-10-18 23:48:00,179 [INFO] ThirdPartyUpdaterWithRetryManager:70 - Updater plugin not ready yet. [2/15]
2024-10-18 23:48:00,230 [INFO] MainUpdater:2873 - connection check result : 10
2024-10-18 23:48:00,231 [INFO] MainUpdater:290 - Updater Check For Update Now.
2024-10-18 23:48:00,231 [INFO] MicroXplorer:498 - Change Database Version : DB.6.0.121
2024-10-18 23:48:00,238 [INFO] McuFinderGlobals:63 - Set McuFinder mode to 2 (CubeIDE integrated)
2024-10-18 23:48:00,239 [INFO] UserAuth:417 - Internet connection configuration mode: 1
2024-10-18 23:48:00,261 [INFO] JxBrowserEngine:152 - Initiate JxBrowser Engine with user profile folder
2024-10-18 23:48:00,418 [INFO] CheckServerUpdateThread:120 - End of CheckServer Thread
2024-10-18 23:48:00,443 [INFO] MainUpdater:2873 - connection check result : 10
2024-10-18 23:48:00,995 [INFO] WebApp:167 - Instantiating new browser for Auth
2024-10-18 23:48:01,091 [INFO] ApiDb:581 - Connected to CubeFinder SQLite database (C:\Users\diobe\.stmcufinder\plugins\mcufinder\mcu\cube-finder-db.db)
2024-10-18 23:48:01,156 [INFO] ApiDb:668 - CubeFinder database Data Model version=2.1
2024-10-18 23:48:01,156 [INFO] ApiDb:669 - CubeFinder database Configuration version=3.0.39
2024-10-18 23:48:01,156 [INFO] ApiDb:670 - CubeFinder database generation date=2024-09-16 (1726485674)
2024-10-18 23:48:01,157 [INFO] ApiDb:671 - CubeFinder database FW Pack versions=[FP-ATR-ASTRA1_V2.0.0, FP-SNS-FLIGHT1_V5.0.2, FP-SNS-MOTENV1_V5.0.0, FP-SNS-MOTENVWB1_V1.4.0, FP-SNS-SMARTAG2_V1.2.0, FP-SNS-STBOX1_V2.0.0, STM32Cube_FW_C0_V1.2.0, STM32Cube_FW_F4_V1.28.1, STM32Cube_FW_F7_V1.17.2, STM32Cube_FW_G0_V1.6.2, STM32Cube_FW_G4_V1.6.0, STM32Cube_FW_H5_V1.3.0, STM32Cube_FW_H7RS_V1.1.0, STM32Cube_FW_H7_V1.11.2, STM32Cube_FW_L0_V1.12.2, STM32Cube_FW_L5_V1.5.1, STM32Cube_FW_U0_V1.1.0, STM32Cube_FW_U5_V1.6.0, STM32Cube_FW_WB0_V1.0.0, STM32Cube_FW_WBA_V1.4.1, STM32Cube_FW_WB_V1.20.0, STM32Cube_FW_WL_V1.3.0, X-CUBE-ALGOBUILD_V1.4.0, X-CUBE-ALS_V1.0.2, X-CUBE-AZRTOS-F4_V1.1.0, X-CUBE-AZRTOS-F7_V1.1.0, X-CUBE-AZRTOS-G0_V1.1.0, X-CUBE-AZRTOS-G4_V2.0.0, X-CUBE-AZRTOS-H7RS_V1.0.0, X-CUBE-AZRTOS-H7_V3.2.0, X-CUBE-AZRTOS-L4_V2.0.0, X-CUBE-AZRTOS-L5_V2.0.0, X-CUBE-AZRTOS-WB_V2.0.0, X-CUBE-AZRTOS-WL_V2.0.0, X-CUBE-BLE1_V7.0.0, X-CUBE-BLE2_V3.3.0, X-CUBE-BLEMGR_V3.1.0, X-CUBE-EEPRMA1_V5.1.0, X-CUBE-FREERTOS_V1.2.0, X-CUBE-GNSS1_V6.0.0, X-CUBE-MEMS1_V11.0.0, X-CUBE-NFC4_V3.0.0, X-CUBE-NFC7_V1.0.1, X-CUBE-SFXS2LP1_V4.0.0, X-CUBE-SUBG2_V5.0.0, X-CUBE-TOF1_V3.4.2]
2024-10-18 23:48:01,248 [INFO] DbBoardsSqlite:226 - include board P-NUCLEO-WB55-NUCLEO as a kit item of type 'Nucleo-64'
2024-10-18 23:48:01,248 [INFO] DbBoardsSqlite:226 - include board P-NUCLEO-WB55-USBDONGLE as a kit item of type 'Nucleo USB Dongle'
2024-10-18 23:48:01,249 [INFO] DbBoardsSqlite:226 - include board STEVAL-IDP005V1 as a kit item of type 'Evaluation Board'
2024-10-18 23:48:01,249 [INFO] DbBoardsSqlite:226 - include board STEVAL-IDP005V2 as a kit item of type 'Evaluation Board'
2024-10-18 23:48:01,315 [INFO] ApiDb:240 - Found 646 in-development CPN: [B-G473E-ZEST1S, B-WB1M-WPAN1, B-WL5M-SUBG1, NUCLEO-C031C6, NUCLEO-C071RB, NUCLEO-H503RB, NUCLEO-H533RE, NUCLEO-H563ZI, NUCLEO-H7S3L8, NUCLEO-U031R8, NUCLEO-U083RC, NUCLEO-U545RE-Q, NUCLEO-U5A5ZJ-Q, NUCLEO-WB05KZ, NUCLEO-WB07CC, NUCLEO-WB09KE, NUCLEO-WBA52CG, NUCLEO-WBA55CG, STEVAL-PROTEUS1, STEVAL-SMARTAG2, STEVAL-STWINBX1, STM320518-EVAL, STM32C0116-DK, STM32C011D6Y3TR, STM32C011D6Y6TR, STM32C011F4P3, STM32C011F4P6, STM32C011F4U3, STM32C011F4U6TR, STM32C011F6P3, STM32C011F6P6, STM32C011F6U3, STM32C011F6U6TR, STM32C011J4M3, STM32C011J4M6, STM32C011J6M3, STM32C011J6M6, STM32C0316-DK, STM32C031C4T3, STM32C031C4T6, STM32C031C4U3, STM32C031C4U6, STM32C031C6T3, STM32C031C6T6, STM32C031C6U3, STM32C031C6U6, STM32C031F4P3, STM32C031F4P6, STM32C031F6P3, STM32C031F6P6, STM32C031G4U3, STM32C031G4U6, STM32C031G6U3, STM32C031G6U6, STM32C031K4T3, STM32C031K4T6, STM32C031K4U3, STM32C031K4U6, STM32C031K6T3, STM32C031K6T6, STM32C031K6U3, STM32C031K6U6, STM32C071C8T6, STM32C071C8T6N, STM32C071C8U6, STM32C071C8U6N, STM32C071CBT6, STM32C071CBT6N, STM32C071CBU6, STM32C071CBU6N, STM32C071F8P6, STM32C071F8P6N, STM32C071FBP6, STM32C071FBP6N, STM32C071FBY6TR, STM32C071G8U6, STM32C071G8U6N, STM32C071GBU6, STM32C071GBU6N, STM32C071K8T6, STM32C071K8T6N, STM32C071K8U6, STM32C071K8U6N, STM32C071KBT6, STM32C071KBT6N, STM32C071KBU6, STM32C071KBU6N, STM32C071R8T6, STM32C071R8T6N, STM32C071RBI6N, STM32C071RBT6, STM32C071RBT6N, STM32G071K8TXN, STM32G071K8UXN, STM32G081GBU6N, STM32G081KBT6N, STM32G081KBUXN, STM32G0B1CCT6N, STM32G0B1KCT6, STM32G0B1NEY6TR, STM32G0B1RCT6N, STM32G0C1CCT6, STM32G0C1CCT6N, STM32G0C1CCU6N, STM32G0C1CET6N, STM32G0C1CEU6N, STM32G0C1KCT6, STM32G0C1NEY6TR, STM32G0C1RCI6N, STM32G0C1RCT6N, STM32G0C1REI6N, STM32G0C1RET6N, STM32G0C1VCI6, STM32G0C1VEI6, STM32G411C6T3, STM32G411C6T6, STM32G411C6U3, STM32G411C6U6, STM32G411C8T3, STM32G411C8T6, STM32G411C8U3, STM32G411C8U6, STM32G411CBT3, STM32G411CBT6, STM32G411CBU3, STM32G411CBU6, STM32G411K6T3, STM32G411K6T6, STM32G411K6U3, STM32G411K6U6, STM32G411K8T3, STM32G411K8T6, STM32G411K8U3, STM32G411K8U6, STM32G411KBT3, STM32G411KBT6, STM32G411KBU3, STM32G411KBU6, STM32G411M6T3, STM32G411M6T6, STM32G411M8T3, STM32G411M8T6, STM32G411MBT3, STM32G411MBT6, STM32G411R6T3, STM32G411R6T6, STM32G411R8T3, STM32G411R8T6, STM32G411RBT3, STM32G411RBT6, STM32G414CBT3, STM32G414CBT6, STM32G414CBU3, STM32G414CBU6, STM32G414CCT3, STM32G414CCT6, STM32G414CCU3, STM32G414CCU6, STM32G414MBT3, STM32G414MBT6, STM32G414MCT3, STM32G414MCT6, STM32G414RBT3, STM32G414RBT6, STM32G414RCT3, STM32G414RCT6, STM32G414VBT3, STM32G414VBT6, STM32G414VCT3, STM32G414VCT6, STM32G431CBT3Z, STM32G431RBT3Z, STM32G471CCT6, STM32G471CCU6, STM32G471CET3, STM32G471CET6, STM32G471CEU3, STM32G471CEU6, STM32G471MCT6, STM32G471MET3, STM32G471MET6, STM32G471MEY6TR, STM32G471QCT6, STM32G471QET3, STM32G471RCT6, STM32G471RET3, STM32G471RET6, STM32G471VCH6, STM32G471VCI6, STM32G471VCT6, STM32G471VEH3, STM32G471VEH6, STM32G471VEI3, STM32G471VEI6, STM32G471VET3, STM32G471VET6, STM32G473QET3Z, STM32G473RET3Z, STM32G474CCT6, STM32G491RET3Z, STM32H503CBT6, STM32H503CBU6, STM32H503EBY6TR, STM32H503KBU6, STM32H503RBT6, STM32H523CCT6, STM32H523CCU6, STM32H523CET6, STM32H523CEU6, STM32H523HEY6TR, STM32H523RCT6, STM32H523RET6, STM32H523VCI6, STM32H523VCT6, STM32H523VEI6, STM32H523VET6, STM32H523ZCJ6, STM32H523ZCT6, STM32H523ZEJ6, STM32H523ZET6, STM32H533CET6, STM32H533CEU6, STM32H533HEY6TR, STM32H533RET6, STM32H533VEI6, STM32H533VET6, STM32H533ZEJ6, STM32H533ZET6, STM32H562AGI6, STM32H562AII6, STM32H562IGK6, STM32H562IGT6, STM32H562IIK6, STM32H562IIT6, STM32H562RGT6, STM32H562RGV6, STM32H562RIT6, STM32H562RIV6, STM32H562VGT6, STM32H562VIT6, STM32H562ZGT6, STM32H562ZIT6, STM32H563AGI6, STM32H563AII3Q, STM32H563AII6, STM32H563IGK6, STM32H563IGT6, STM32H563IIK3Q, STM32H563IIK6, STM32H563IIT3Q, STM32H563IIT6, STM32H563MIY3QTR, STM32H563RGT6, STM32H563RGV6, STM32H563RIT6, STM32H563RIV6, STM32H563VGT6, STM32H563VIT3Q, STM32H563VIT6, STM32H563ZGT6, STM32H563ZIT3Q, STM32H563ZIT6, STM32H573AII3Q, STM32H573AII6, STM32H573I-DK, STM32H573IIK3Q, STM32H573IIK6, STM32H573IIT3Q, STM32H573IIT6, STM32H573MIY3QTR, STM32H573RIT6, STM32H573RIV6, STM32H573VIT3Q, STM32H573VIT6, STM32H573ZIT3Q, STM32H573ZIT6, STM32H7R3A8I6, STM32H7R3I8K6, STM32H7R3I8T6, STM32H7R3L8H6, STM32H7R3L8H6H, STM32H7R3R8V6, STM32H7R3V8H6, STM32H7R3V8T6, STM32H7R3V8Y6TR, STM32H7R3Z8J6, STM32H7R3Z8T6, STM32H7R7A8I6, STM32H7R7I8K6, STM32H7R7I8T6, STM32H7R7L8H6, STM32H7R7L8H6H, STM32H7R7Z8J6, STM32H7S3A8I6, STM32H7S3I8K6, STM32H7S3I8T6, STM32H7S3L8H6, STM32H7S3L8H6H, STM32H7S3R8V6, STM32H7S3V8H6, STM32H7S3V8T6, STM32H7S3V8Y6TR, STM32H7S3Z8J6, STM32H7S3Z8T6, STM32H7S78-DK, STM32H7S7A8I6, STM32H7S7I8K6, STM32H7S7I8T6, STM32H7S7L8H6, STM32H7S7L8H6H, STM32H7S7Z8J6, STM32L4R5QGI6STR, STM32MP131AAE3, STM32MP131AAF3, STM32MP131AAG3, STM32MP131CAE3, STM32MP131CAF3, STM32MP131CAG3, STM32MP131DAE7, STM32MP131DAF7, STM32MP131DAG7, STM32MP131FAE7, STM32MP131FAF7, STM32MP131FAG7, STM32MP133AAE3, STM32MP133AAF3, STM32MP133AAG3, STM32MP133CAE3, STM32MP133CAF3, STM32MP133CAG3, STM32MP133DAE7, STM32MP133DAF7, STM32MP133DAG7, STM32MP133FAE7, STM32MP133FAF7, STM32MP133FAG7, STM32MP135AAE3, STM32MP135AAF3, STM32MP135AAG3, STM32MP135CAE3, STM32MP135CAF3, STM32MP135CAG3, STM32MP135DAE7, STM32MP135DAF7, STM32MP135DAG7, STM32MP135F-DK, STM32MP135FAE7, STM32MP135FAF7, STM32MP135FAF7T, STM32MP135FAF7U, STM32MP135FAG7, STM32MP251AAI3, STM32MP251AAK3, STM32MP251AAL3, STM32MP251CAI3, STM32MP251CAK3, STM32MP251CAL3, STM32MP251DAI3, STM32MP251DAK3, STM32MP251DAL3, STM32MP251FAI3, STM32MP251FAK3, STM32MP251FAL3, STM32MP253AAI3, STM32MP253AAK3, STM32MP253AAL3, STM32MP253CAI3, STM32MP253CAK3, STM32MP253CAL3, STM32MP253DAI3, STM32MP253DAK3, STM32MP253DAL3, STM32MP253FAI3, STM32MP253FAK3, STM32MP253FAL3, STM32MP255AAI3, STM32MP255AAK3, STM32MP255AAL3, STM32MP255CAI3, STM32MP255CAK3, STM32MP255CAL3, STM32MP255DAI3, STM32MP255DAK3, STM32MP255DAL3, STM32MP255FAI3, STM32MP255FAK3, STM32MP255FAL3, STM32MP257AAI3, STM32MP257AAK3, STM32MP257AAL3, STM32MP257CAI3, STM32MP257CAK3, STM32MP257CAL3, STM32MP257DAI3, STM32MP257DAK3, STM32MP257DAL3, STM32MP257F-DK, STM32MP257F-EV1, STM32MP257FAI3, STM32MP257FAK3, STM32MP257FAL3, STM32U031C6T6, STM32U031C6U6, STM32U031C8T6, STM32U031C8U6, STM32U031F4P6, STM32U031F6P6, STM32U031F8P6, STM32U031G6Y6TR, STM32U031G8Y6TR, STM32U031K4U6, STM32U031K6U6, STM32U031K8U6, STM32U031R6I6, STM32U031R6T6, STM32U031R8I6, STM32U031R8T6, STM32U073C8T6, STM32U073C8U6, STM32U073CBT6, STM32U073CBU6, STM32U073CCT6, STM32U073CCU6, STM32U073H8Y6TR, STM32U073HBY6TR, STM32U073HCY6TR, STM32U073K8U6, STM32U073KBU6, STM32U073KCU6, STM32U073M8I6, STM32U073M8T6, STM32U073MBI6, STM32U073MBT6, STM32U073MCI6, STM32U073MCT6, STM32U073R8I6, STM32U073R8T6, STM32U073RBI6, STM32U073RBT6, STM32U073RCI6, STM32U073RCT6, STM32U083C-DK, STM32U083CCT6, STM32U083CCU6, STM32U083HCY6TR, STM32U083KCU6, STM32U083MCI6, STM32U083MCT6, STM32U083RCI6, STM32U083RCT6, STM32U535CBT6, STM32U535CBT6Q, STM32U535CBU6, STM32U535CBU6Q, STM32U535CCT6, STM32U535CCT6Q, STM32U535CCU6, STM32U535CCU6Q, STM32U535CET6, STM32U535CET6Q, STM32U535CEU6, STM32U535CEU6Q, STM32U535JEY6QTR, STM32U535NCY6QTR, STM32U535NEY6QTR, STM32U535RBI6, STM32U535RBI6Q, STM32U535RBT6, STM32U535RBT6Q, STM32U535RCI6, STM32U535RCI6Q, STM32U535RCT6, STM32U535RCT6Q, STM32U535REI6, STM32U535REI6Q, STM32U535RET6, STM32U535RET6Q, STM32U535VCI6, STM32U535VCI6Q, STM32U535VCT6, STM32U535VCT6Q, STM32U535VEI6, STM32U535VEI6Q, STM32U535VET6, STM32U535VET6Q, STM32U545CET6, STM32U545CET6Q, STM32U545CEU6, STM32U545CEU6Q, STM32U545JEY6QTR, STM32U545NEY6QTR, STM32U545REI6, STM32U545REI6Q, STM32U545RET6, STM32U545RET6Q, STM32U545VEI6, STM32U545VEI6Q, STM32U545VET6, STM32U545VET6Q, STM32U595AIH6, STM32U595AIH6Q, STM32U595AJH6, STM32U595AJH6Q, STM32U595QII6, STM32U595QII6Q, STM32U595QJI6, STM32U595QJI6Q, STM32U595RIT6, STM32U595RIT6Q, STM32U595RJT6, STM32U595RJT6Q, STM32U595VIT6, STM32U595VIT6Q, STM32U595VJT6, STM32U595VJT6Q, STM32U595ZIT6, STM32U595ZIT6Q, STM32U595ZIY6QTR, STM32U595ZJT6, STM32U595ZJT6Q, STM32U595ZJY6QTR, STM32U599BJY6QTR, STM32U599NIH6Q, STM32U599NJH6Q, STM32U599VIT6Q, STM32U599VJT6, STM32U599VJT6Q, STM32U599ZIT6Q, STM32U599ZIY6QTR, STM32U599ZJT6Q, STM32U599ZJY6QTR, STM32U5A5AJH6, STM32U5A5AJH6Q, STM32U5A5QII3Q , STM32U5A5QJI6, STM32U5A5QJI6Q, STM32U5A5RJT6, STM32U5A5RJT6Q, STM32U5A5VJT6, STM32U5A5VJT6Q, STM32U5A5ZJT6, STM32U5A5ZJT6Q, STM32U5A5ZJY6QTR, STM32U5A9BJY6QTR, STM32U5A9J-DK, STM32U5A9NJH6Q, STM32U5A9VJT6Q, STM32U5A9ZJT6Q, STM32U5A9ZJY6QTR, STM32U5F7VIT6, STM32U5F7VIT6Q, STM32U5F7VJT6, STM32U5F7VJT6Q, STM32U5F9BJY6QTR, STM32U5F9NJH6Q, STM32U5F9VIT6Q, STM32U5F9VJT6Q, STM32U5F9ZIJ6QTR, STM32U5F9ZIT6Q, STM32U5F9ZJJ6QTR, STM32U5F9ZJT6Q, STM32U5G7VJT6, STM32U5G7VJT6Q, STM32U5G9BJY6QTR, STM32U5G9J-DK1, STM32U5G9J-DK2, STM32U5G9NJH6Q, STM32U5G9VJT6Q, STM32U5G9ZJJ6QTR, STM32U5G9ZJT6Q, STM32WB05KZV6TR, STM32WB05KZV7TR, STM32WB05TZF6TR, STM32WB05TZF7TR, STM32WB06CCF6TR, STM32WB06CCF7TR, STM32WB06CCV6TR, STM32WB06CCV7TR, STM32WB06KCV6TR, STM32WB06KCV7TR, STM32WB07CCF6TR, STM32WB07CCF7TR, STM32WB07CCV6TR, STM32WB07CCV7TR, STM32WB07KCV6TR, STM32WB07KCV7TR, STM32WB09KEV6TR, STM32WB09KEV7TR, STM32WB09TEF6TR, STM32WB09TEF7TR, STM32WB1MMCH6, STM32WBA50KGU6, STM32WBA50KGU6TR, STM32WBA52CEU6, STM32WBA52CEU6TR, STM32WBA52CEU7, STM32WBA52CEU7TR, STM32WBA52CGU6, STM32WBA52CGU6TR, STM32WBA52CGU6U, STM32WBA52CGU7, STM32WBA52CGU7TR, STM32WBA52KEU6, STM32WBA52KEU6TR, STM32WBA52KGU6, STM32WBA52KGU6TR, STM32WBA54CEU6, STM32WBA54CEU6TR, STM32WBA54CEU7, STM32WBA54CEU7TR, STM32WBA54CGU6, STM32WBA54CGU6TR, STM32WBA54CGU7, STM32WBA54CGU7TR, STM32WBA54KEU6, STM32WBA54KEU6TR, STM32WBA54KEU7, STM32WBA54KEU7TR, STM32WBA54KGU6, STM32WBA54KGU6TR, STM32WBA54KGU7, STM32WBA54KGU7TR, STM32WBA55CEU6, STM32WBA55CEU6TR, STM32WBA55CEU7, STM32WBA55CEU7TR, STM32WBA55CGU6, STM32WBA55CGU6TR, STM32WBA55CGU6U, STM32WBA55CGU7, STM32WBA55CGU7TR, STM32WBA55G-DK1, STM32WBA55HEF6, STM32WBA55HEF7, STM32WBA55HGF6, STM32WBA55HGF7, STM32WBA55UEI6, STM32WBA55UEI6TR, STM32WBA55UEI7, STM32WBA55UEI7TR, STM32WBA55UGI6, STM32WBA55UGI6TR, STM32WBA55UGI7, STM32WBA55UGI7TR, STM32WL5MOCH6, STM32WL5MOCH6TR]
2024-10-18 23:48:01,691 [INFO] BoardInfo:889 - No configuration file found for board P-NUCLEO-WB55
2024-10-18 23:48:01,692 [INFO] DbBoards:161 - Kit is not supported: P-NUCLEO-WB55
2024-10-18 23:48:01,700 [INFO] BoardInfo:889 - No configuration file found for board STEVAL-BFA001V1B
2024-10-18 23:48:01,700 [INFO] DbBoards:161 - Kit is not supported: STEVAL-BFA001V1B
2024-10-18 23:48:01,702 [INFO] BoardInfo:889 - No configuration file found for board STEVAL-BFA001V2B
2024-10-18 23:48:01,703 [INFO] DbBoards:161 - Kit is not supported: STEVAL-BFA001V2B
2024-10-18 23:48:01,933 [INFO] DbBoards:168 - Found 201 boards, 198 are supported
2024-10-18 23:48:01,933 [INFO] DbBoards:169 - Found 201 boards, 25 of them is supported for  Bsp
2024-10-18 23:48:01,936 [INFO] WebApp:448 - Apply proxy settings
2024-10-18 23:48:01,937 [INFO] WebApp:533 - Chromium requires no authentication
2024-10-18 23:48:01,937 [INFO] ApiDb:668 - CubeFinder database Data Model version=2.1
2024-10-18 23:48:01,937 [INFO] ApiDb:669 - CubeFinder database Configuration version=3.0.39
2024-10-18 23:48:01,937 [INFO] ApiDb:670 - CubeFinder database generation date=2024-09-16 (1726485674)
2024-10-18 23:48:01,937 [INFO] ApiDb:671 - CubeFinder database FW Pack versions=[FP-ATR-ASTRA1_V2.0.0, FP-SNS-FLIGHT1_V5.0.2, FP-SNS-MOTENV1_V5.0.0, FP-SNS-MOTENVWB1_V1.4.0, FP-SNS-SMARTAG2_V1.2.0, FP-SNS-STBOX1_V2.0.0, STM32Cube_FW_C0_V1.2.0, STM32Cube_FW_F4_V1.28.1, STM32Cube_FW_F7_V1.17.2, STM32Cube_FW_G0_V1.6.2, STM32Cube_FW_G4_V1.6.0, STM32Cube_FW_H5_V1.3.0, STM32Cube_FW_H7RS_V1.1.0, STM32Cube_FW_H7_V1.11.2, STM32Cube_FW_L0_V1.12.2, STM32Cube_FW_L5_V1.5.1, STM32Cube_FW_U0_V1.1.0, STM32Cube_FW_U5_V1.6.0, STM32Cube_FW_WB0_V1.0.0, STM32Cube_FW_WBA_V1.4.1, STM32Cube_FW_WB_V1.20.0, STM32Cube_FW_WL_V1.3.0, X-CUBE-ALGOBUILD_V1.4.0, X-CUBE-ALS_V1.0.2, X-CUBE-AZRTOS-F4_V1.1.0, X-CUBE-AZRTOS-F7_V1.1.0, X-CUBE-AZRTOS-G0_V1.1.0, X-CUBE-AZRTOS-G4_V2.0.0, X-CUBE-AZRTOS-H7RS_V1.0.0, X-CUBE-AZRTOS-H7_V3.2.0, X-CUBE-AZRTOS-L4_V2.0.0, X-CUBE-AZRTOS-L5_V2.0.0, X-CUBE-AZRTOS-WB_V2.0.0, X-CUBE-AZRTOS-WL_V2.0.0, X-CUBE-BLE1_V7.0.0, X-CUBE-BLE2_V3.3.0, X-CUBE-BLEMGR_V3.1.0, X-CUBE-EEPRMA1_V5.1.0, X-CUBE-FREERTOS_V1.2.0, X-CUBE-GNSS1_V6.0.0, X-CUBE-MEMS1_V11.0.0, X-CUBE-NFC4_V3.0.0, X-CUBE-NFC7_V1.0.1, X-CUBE-SFXS2LP1_V4.0.0, X-CUBE-SUBG2_V5.0.0, X-CUBE-TOF1_V3.4.2]
2024-10-18 23:48:01,945 [INFO] WebApp:476 - Direct internet connection detected
2024-10-18 23:48:01,967 [INFO] WebApp:869 - Register for checkConnection events
2024-10-18 23:48:01,967 [INFO] WebApp:448 - Apply proxy settings
2024-10-18 23:48:01,967 [INFO] WebApp:533 - Chromium requires no authentication
2024-10-18 23:48:01,967 [INFO] WebApp:476 - Direct internet connection detected
2024-10-18 23:48:02,166 [INFO] WebApp:220 - Starting web application
2024-10-18 23:48:02,166 [INFO] WebApp:578 - Web application path used C:\ST\STM32CubeIDE_1.11.2\STM32CubeIDE\plugins\com.st.stm32cube.common.mx_6.12.1.202409122256\db\plugins\mcufinder\reactClient1\index.html
2024-10-18 23:48:02,291 [INFO] UserAuth:417 - Internet connection configuration mode: 1
2024-10-18 23:48:02,322 [INFO] WebApp:186 - Connection restablished
2024-10-18 23:48:03,388 [WARN] PackLoader:240 - Cannot read IP mode file for STMicroelectronics.FP-SNS-MOTENVWB1.1.4.0
2024-10-18 23:48:03,397 [WARN] PackLoader:240 - Cannot read IP mode file for STMicroelectronics.X-CUBE-SMBUS.2.1.0
2024-10-18 23:48:03,406 [WARN] PackLoader:240 - Cannot read IP mode file for STMicroelectronics.X-CUBE-WB05N.1.1.0
2024-10-18 23:48:03,411 [WARN] PackLoader:240 - Cannot read IP mode file for STMicroelectronics.X-CUBE-TOUCHGFX.4.23.0
2024-10-18 23:48:03,441 [WARN] PackLoader:240 - Cannot read IP mode file for STMicroelectronics.X-CUBE-AZRTOS-F7.1.1.0
2024-10-18 23:48:03,455 [WARN] PackLoader:240 - Cannot read IP mode file for STMicroelectronics.FP-SNS-MOTENV1.4.3.2
2024-10-18 23:48:03,460 [ERROR] RealEvaluatedCondition:428 - Found unsupported composite condition: GROUP='STM32_MetaDataManager' CLASS='Data Exchange'
2024-10-18 23:48:03,461 [ERROR] RealEvaluatedCondition:428 - Found unsupported composite condition: CLASS='Data Exchange' GROUP='STM32_MetaDataManager'
2024-10-18 23:48:03,462 [WARN] PackLoader:240 - Cannot read IP mode file for STMicroelectronics.FP-SNS-MOTENV1.4.3.1
2024-10-18 23:48:03,467 [WARN] PackLoader:240 - Cannot read IP mode file for STMicroelectronics.FP-SNS-FLIGHT1.5.0.1
2024-10-18 23:48:03,527 [WARN] PackLoader:240 - Cannot read IP mode file for STMicroelectronics.X-CUBE-MEMS1.11.0.0
2024-10-18 23:48:03,708 [WARN] PackLoader:240 - Cannot read IP mode file for STMicroelectronics.X-CUBE-BLE1.6.2.4
2024-10-18 23:48:03,712 [WARN] PackLoader:240 - Cannot read IP mode file for STMicroelectronics.FP-SNS-FLIGHT1.5.0.2
2024-10-18 23:48:03,718 [WARN] PackLoader:240 - Cannot read IP mode file for STMicroelectronics.X-CUBE-DISPLAY.3.0.0
2024-10-18 23:48:03,727 [WARN] PackLoader:240 - Cannot read IP mode file for STMicroelectronics.X-CUBE-BLE1.7.0.0
2024-10-18 23:48:03,732 [WARN] PackLoader:240 - Cannot read IP mode file for STMicroelectronics.X-CUBE-NFC10.1.0.0
2024-10-18 23:48:03,741 [WARN] PackLoader:240 - Cannot read IP mode file for STMicroelectronics.X-CUBE-BLEMGR.3.1.0
2024-10-18 23:48:03,747 [WARN] PackLoader:240 - Cannot read IP mode file for STMicroelectronics.FP-SNS-SMARTAG2.1.2.0
2024-10-18 23:48:03,755 [INFO] LogOutputStream:77 - [STDOUT_REDIRECT] 1 : Invalid condition id : UX_CORESTACK_Condition cause : null
2024-10-18 23:48:03,755 [INFO] LogOutputStream:77 - [STDOUT_REDIRECT] 1 : Invalid condition id : UX_CORESTACK_Condition cause : null
2024-10-18 23:48:03,757 [INFO] LogOutputStream:77 - [STDOUT_REDIRECT] 1 : Invalid condition id : UX_CORESTACK_Condition cause : null
2024-10-18 23:48:03,758 [INFO] LogOutputStream:77 - [STDOUT_REDIRECT] 1 : Invalid condition id : UX_CORESTACK_Condition cause : null
2024-10-18 23:48:03,759 [INFO] LogOutputStream:77 - [STDOUT_REDIRECT] 1 : Invalid condition id : UX_CORESTACK_Condition cause : null
2024-10-18 23:48:03,761 [WARN] PackLoader:240 - Cannot read IP mode file for STMicroelectronics.X-CUBE-AZRTOS-WL.2.0.0
2024-10-18 23:48:03,765 [WARN] PackLoader:240 - Cannot read IP mode file for STMicroelectronics.FP-SNS-MOTENV1.5.0.0
2024-10-18 23:48:03,771 [WARN] PackLoader:240 - Cannot read IP mode file for wolfSSL.I-CUBE-wolfMQTT.1.19.0
2024-10-18 23:48:03,777 [WARN] PackLoader:240 - Cannot read IP mode file for WES.I-CUBE-Cesium.1.3.0
2024-10-18 23:48:03,781 [WARN] PackLoader:240 - Cannot read IP mode file for STMicroelectronics.X-CUBE-BLE2.3.3.0
2024-10-18 23:48:03,789 [WARN] PackLoader:240 - Cannot read IP mode file for STMicroelectronics.X-CUBE-TOF1.3.2.0
2024-10-18 23:48:03,801 [WARN] PackLoader:240 - Cannot read IP mode file for STMicroelectronics.X-CUBE-NFC9.1.0.0
2024-10-18 23:48:03,808 [WARN] PackLoader:240 - Cannot read IP mode file for STMicroelectronics.X-CUBE-TCPP.4.1.0
2024-10-18 23:48:03,811 [WARN] PackLoader:240 - Cannot read IP mode file for STMicroelectronics.X-CUBE-TOUCHGFX.4.21.1
2024-10-18 23:48:03,814 [WARN] PackLoader:240 - Cannot read IP mode file for STMicroelectronics.X-CUBE-TOUCHGFX.4.21.3
2024-10-18 23:48:03,817 [WARN] PackLoader:240 - Cannot read IP mode file for STMicroelectronics.X-CUBE-TOUCHGFX.4.21.4
2024-10-18 23:48:03,823 [WARN] PackLoader:240 - Cannot read IP mode file for STMicroelectronics.X-CUBE-ALGOBUILD.1.3.0
2024-10-18 23:48:03,840 [WARN] PackLoader:240 - Cannot read IP mode file for STMicroelectronics.X-CUBE-AZRTOS-G0.1.1.0
2024-10-18 23:48:03,848 [WARN] PackLoader:240 - Cannot read IP mode file for STMicroelectronics.X-CUBE-SAFEA1.1.2.2
2024-10-18 23:48:03,855 [WARN] PackLoader:240 - Cannot read IP mode file for STMicroelectronics.X-CUBE-NFC4.3.0.0
2024-10-18 23:48:03,864 [WARN] PackLoader:240 - Cannot read IP mode file for EmbeddedOffice.I-CUBE-FS-RTOS.1.0.1
2024-10-18 23:48:03,864 [ERROR] ConditionMgr:805 - Attr not supported : Dmpu
2024-10-18 23:48:03,864 [ERROR] ConditionMgr:805 - Attr not supported : Dmpu
2024-10-18 23:48:03,864 [ERROR] ConditionMgr:805 - Attr not supported : Dmpu
2024-10-18 23:48:03,864 [ERROR] ConditionMgr:805 - Attr not supported : Dmpu
2024-10-18 23:48:03,864 [ERROR] ConditionMgr:805 - Attr not supported : Dmpu
2024-10-18 23:48:03,864 [ERROR] ConditionMgr:805 - Attr not supported : Dmpu
2024-10-18 23:48:03,864 [ERROR] ConditionMgr:805 - Attr not supported : Dmpu
2024-10-18 23:48:03,865 [ERROR] ConditionMgr:805 - Attr not supported : Dmpu
2024-10-18 23:48:03,865 [ERROR] ConditionMgr:805 - Attr not supported : Dmpu
2024-10-18 23:48:03,865 [ERROR] ConditionMgr:805 - Attr not supported : Dmpu
2024-10-18 23:48:03,865 [ERROR] ConditionMgr:805 - Attr not supported : Dmpu
2024-10-18 23:48:03,865 [ERROR] ConditionMgr:805 - Attr not supported : Dmpu
2024-10-18 23:48:03,865 [ERROR] ConditionMgr:805 - Attr not supported : Dmpu
2024-10-18 23:48:03,865 [ERROR] ConditionMgr:805 - Attr not supported : Dmpu
2024-10-18 23:48:03,865 [ERROR] ConditionMgr:805 - Attr not supported : Dmpu
2024-10-18 23:48:03,865 [ERROR] ConditionMgr:805 - Attr not supported : Dmpu
2024-10-18 23:48:03,865 [ERROR] ConditionMgr:805 - Attr not supported : Dmpu
2024-10-18 23:48:03,865 [ERROR] ConditionMgr:805 - Attr not supported : Dmpu
2024-10-18 23:48:03,865 [ERROR] ConditionMgr:805 - Attr not supported : Dmpu
2024-10-18 23:48:03,865 [ERROR] ConditionMgr:805 - Attr not supported : Dmpu
2024-10-18 23:48:03,865 [ERROR] ConditionMgr:805 - Attr not supported : Dmpu
2024-10-18 23:48:03,865 [ERROR] ConditionMgr:805 - Attr not supported : Dmpu
2024-10-18 23:48:03,865 [ERROR] ConditionMgr:805 - Attr not supported : Dmpu
2024-10-18 23:48:03,866 [ERROR] ConditionMgr:805 - Attr not supported : Dmpu
2024-10-18 23:48:03,866 [ERROR] ConditionMgr:805 - Attr not supported : Dmpu
2024-10-18 23:48:03,866 [ERROR] ConditionMgr:805 - Attr not supported : Dmpu
2024-10-18 23:48:03,866 [ERROR] ConditionMgr:805 - Attr not supported : Dmpu
2024-10-18 23:48:03,866 [ERROR] ConditionMgr:805 - Attr not supported : Dmpu
2024-10-18 23:48:03,866 [ERROR] ConditionMgr:805 - Attr not supported : Dmpu
2024-10-18 23:48:03,866 [ERROR] ConditionMgr:805 - Attr not supported : Dmpu
2024-10-18 23:48:03,866 [ERROR] ConditionMgr:805 - Attr not supported : Dmpu
2024-10-18 23:48:03,866 [ERROR] ConditionMgr:805 - Attr not supported : Dmpu
2024-10-18 23:48:03,866 [ERROR] ConditionMgr:805 - Attr not supported : Dmpu
2024-10-18 23:48:03,866 [ERROR] ConditionMgr:805 - Attr not supported : Dmpu
2024-10-18 23:48:03,866 [ERROR] ConditionMgr:805 - Attr not supported : Dmpu
2024-10-18 23:48:03,866 [ERROR] ConditionMgr:805 - Attr not supported : Dmpu
2024-10-18 23:48:03,866 [ERROR] ConditionMgr:805 - Attr not supported : Dmpu
2024-10-18 23:48:03,866 [ERROR] ConditionMgr:805 - Attr not supported : Dmpu
2024-10-18 23:48:03,867 [ERROR] ConditionMgr:805 - Attr not supported : Dmpu
2024-10-18 23:48:03,867 [ERROR] ConditionMgr:805 - Attr not supported : Dmpu
2024-10-18 23:48:03,867 [ERROR] ConditionMgr:805 - Attr not supported : Dmpu
2024-10-18 23:48:03,867 [ERROR] ConditionMgr:805 - Attr not supported : Dmpu
2024-10-18 23:48:03,867 [ERROR] ConditionMgr:805 - Attr not supported : Dmpu
2024-10-18 23:48:03,867 [ERROR] ConditionMgr:805 - Attr not supported : Dmpu
2024-10-18 23:48:03,867 [ERROR] ConditionMgr:805 - Attr not supported : Dmpu
2024-10-18 23:48:03,867 [ERROR] ConditionMgr:805 - Attr not supported : Dmpu
2024-10-18 23:48:03,867 [ERROR] ConditionMgr:805 - Attr not supported : Dmpu
2024-10-18 23:48:03,867 [ERROR] ConditionMgr:805 - Attr not supported : Dmpu
2024-10-18 23:48:03,867 [ERROR] ConditionMgr:805 - Attr not supported : Dmpu
2024-10-18 23:48:03,867 [ERROR] ConditionMgr:805 - Attr not supported : Dmpu
2024-10-18 23:48:03,867 [ERROR] ConditionMgr:805 - Attr not supported : Dmpu
2024-10-18 23:48:03,867 [ERROR] ConditionMgr:805 - Attr not supported : Dmpu
2024-10-18 23:48:03,868 [ERROR] ConditionMgr:805 - Attr not supported : Dmpu
2024-10-18 23:48:03,868 [ERROR] ConditionMgr:805 - Attr not supported : Dmpu
2024-10-18 23:48:03,868 [ERROR] ConditionMgr:805 - Attr not supported : Dmpu
2024-10-18 23:48:03,868 [ERROR] ConditionMgr:805 - Attr not supported : Dmpu
2024-10-18 23:48:03,868 [ERROR] ConditionMgr:805 - Attr not supported : Dmpu
2024-10-18 23:48:03,868 [ERROR] ConditionMgr:805 - Attr not supported : Dmpu
2024-10-18 23:48:03,868 [ERROR] ConditionMgr:805 - Attr not supported : Dmpu
2024-10-18 23:48:03,868 [ERROR] ConditionMgr:805 - Attr not supported : Dmpu
2024-10-18 23:48:03,868 [ERROR] ConditionMgr:805 - Attr not supported : Dmpu
2024-10-18 23:48:03,868 [ERROR] ConditionMgr:805 - Attr not supported : Dmpu
2024-10-18 23:48:03,868 [ERROR] ConditionMgr:805 - Attr not supported : Dmpu
2024-10-18 23:48:03,868 [ERROR] ConditionMgr:805 - Attr not supported : Dmpu
2024-10-18 23:48:03,873 [WARN] PackLoader:240 - Cannot read IP mode file for RealThread.X-CUBE-RT-Thread_Nano.4.1.1
2024-10-18 23:48:03,878 [WARN] PackLoader:240 - Cannot read IP mode file for STMicroelectronics.FP-ATR-SIGFOX1.3.2.0
2024-10-18 23:48:03,882 [WARN] PackLoader:240 - Cannot read IP mode file for STMicroelectronics.X-CUBE-EEPRMA1.5.1.0
2024-10-18 23:48:03,935 [WARN] PackLoader:240 - Cannot read IP mode file for STMicroelectronics.X-CUBE-MEMS1.9.5.0
2024-10-18 23:48:04,115 [WARN] PackLoader:240 - Cannot read IP mode file for SEGGER.I-CUBE-embOS.1.3.1
2024-10-18 23:48:04,151 [WARN] PackLoader:240 - Cannot read IP mode file for STMicroelectronics.X-CUBE-ALGOBUILD.1.4.0
2024-10-18 23:48:04,155 [WARN] PackLoader:240 - Cannot read IP mode file for STMicroelectronics.X-CUBE-AI.9.1.0
2024-10-18 23:48:04,159 [WARN] PackLoader:240 - Cannot read IP mode file for STMicroelectronics.X-CUBE-GNSS1.6.0.0
2024-10-18 23:48:04,170 [WARN] PackLoader:240 - Cannot read IP mode file for STMicroelectronics.X-CUBE-AZRTOS-F4.1.1.0
2024-10-18 23:48:04,176 [WARN] PackLoader:240 - Cannot read IP mode file for STMicroelectronics.X-CUBE-ISPU.2.1.0
2024-10-18 23:48:04,180 [WARN] PackLoader:240 - Cannot read IP mode file for STMicroelectronics.X-CUBE-FREERTOS.1.2.0
2024-10-18 23:48:04,193 [WARN] PackLoader:240 - Cannot read IP mode file for STMicroelectronics.X-CUBE-AZRTOS-L5.2.0.0
2024-10-18 23:48:04,231 [WARN] PackLoader:240 - Cannot read IP mode file for STMicroelectronics.X-CUBE-MEMS1.9.6.0
2024-10-18 23:48:04,395 [WARN] PackLoader:240 - Cannot read IP mode file for STMicroelectronics.X-CUBE-NFC6.3.1.0
2024-10-18 23:48:04,403 [WARN] PackLoader:240 - Cannot read IP mode file for ITTIA_DB.I-CUBE-ITTIADB.8.8.0
2024-10-18 23:48:04,411 [WARN] PackLoader:240 - Cannot read IP mode file for emotas.I-CUBE-CANOPEN.1.1.3
2024-10-18 23:48:04,417 [WARN] PackLoader:240 - Cannot read IP mode file for STMicroelectronics.X-CUBE-BLEMGR.2.0.0
2024-10-18 23:48:04,424 [WARN] PackLoader:240 - Cannot read IP mode file for STMicroelectronics.X-CUBE-DPower.1.2.0
2024-10-18 23:48:04,427 [WARN] PackLoader:240 - Cannot read IP mode file for STMicroelectronics.X-CUBE-AI.9.0.0
2024-10-18 23:48:04,444 [WARN] ConditionMgr:438 - getConditionDescription Invalid condition id : UX DEVICE CLASS RTOS Condition cause : null
2024-10-18 23:48:04,444 [WARN] ConditionMgr:438 - getConditionDescription Invalid condition id : UX DEVICE CLASS RTOS Condition cause : null
2024-10-18 23:48:04,448 [WARN] PackLoader:240 - Cannot read IP mode file for STMicroelectronics.X-CUBE-AZRTOS-H7.3.1.0
2024-10-18 23:48:04,449 [WARN] ConditionMgr:1039 - genDependencies : Invalid condition id : UX DEVICE CLASS RTOS Condition cause : null
2024-10-18 23:48:04,449 [WARN] ConditionMgr:1039 - genDependencies : Invalid condition id : UX DEVICE CLASS RTOS Condition cause : null
2024-10-18 23:48:04,450 [WARN] ConditionMgr:1039 - genDependencies : Invalid condition id : UX DEVICE CLASS RTOS Condition cause : null
2024-10-18 23:48:04,450 [WARN] ConditionMgr:1039 - genDependencies : Invalid condition id : UX DEVICE CLASS RTOS Condition cause : null
2024-10-18 23:48:04,450 [WARN] ConditionMgr:1039 - genDependencies : Invalid condition id : UX DEVICE CLASS RTOS Condition cause : null
2024-10-18 23:48:04,455 [WARN] PackLoader:240 - Cannot read IP mode file for wolfSSL.I-CUBE-wolfSSL.5.5.4
2024-10-18 23:48:04,459 [WARN] PackLoader:240 - Cannot read IP mode file for STMicroelectronics.X-CUBE-NFC7.1.0.1
2024-10-18 23:48:04,463 [WARN] PackLoader:240 - Cannot read IP mode file for STMicroelectronics.X-CUBE-NFC7.1.0.0
2024-10-18 23:48:04,466 [WARN] PackLoader:240 - Cannot read IP mode file for wolfSSL.I-CUBE-wolfTPM.3.2.0
2024-10-18 23:48:04,473 [WARN] PackLoader:240 - Cannot read IP mode file for STMicroelectronics.X-CUBE-NFC6.3.0.0
2024-10-18 23:48:04,479 [WARN] PackLoader:240 - Cannot read IP mode file for STMicroelectronics.X-CUBE-EEPRMA1.4.1.0
2024-10-18 23:48:04,487 [WARN] PackLoader:240 - Cannot read IP mode file for STMicroelectronics.X-CUBE-AI.8.1.0
2024-10-18 23:48:04,505 [WARN] ConditionMgr:438 - getConditionDescription Invalid condition id : LAN8742 Phy interface Condition cause : null
2024-10-18 23:48:04,506 [WARN] PackLoader:240 - Cannot read IP mode file for STMicroelectronics.X-CUBE-AZRTOS-L4.2.0.0
2024-10-18 23:48:04,507 [WARN] ConditionMgr:1039 - genDependencies : Invalid condition id : LAN8742 Phy interface Condition cause : null
2024-10-18 23:48:04,507 [WARN] ConditionMgr:1039 - genDependencies : Invalid condition id : LAN8742 Phy interface Condition cause : null
2024-10-18 23:48:04,508 [WARN] ConditionMgr:1039 - genDependencies : Invalid condition id : LAN8742 Phy interface Condition cause : null
2024-10-18 23:48:04,521 [WARN] PackLoader:240 - Cannot read IP mode file for STMicroelectronics.X-CUBE-SFXS2LP1.4.0.0
2024-10-18 23:48:04,543 [WARN] PackLoader:240 - Cannot read IP mode file for STMicroelectronics.X-CUBE-AZRTOS-H7.3.0.0
2024-10-18 23:48:04,550 [WARN] PackLoader:240 - Cannot read IP mode file for STMicroelectronics.X-CUBE-ISPU.1.1.0
2024-10-18 23:48:04,573 [WARN] PackLoader:240 - Cannot read IP mode file for STMicroelectronics.X-CUBE-AZRTOS-H7.3.3.0
2024-10-18 23:48:04,584 [WARN] PackLoader:240 - Cannot read IP mode file for RoweBots.I-CUBE-UNISONRTOS.5.5.0-4
2024-10-18 23:48:04,589 [WARN] PackLoader:240 - Cannot read IP mode file for STMicroelectronics.X-CUBE-AI.8.0.0
2024-10-18 23:48:04,603 [WARN] PackLoader:240 - Cannot read IP mode file for STMicroelectronics.X-CUBE-IPS.3.0.0
2024-10-18 23:48:04,625 [WARN] ConditionMgr:438 - getConditionDescription Invalid condition id : UX DEVICE CLASS RTOS Condition cause : null
2024-10-18 23:48:04,625 [WARN] ConditionMgr:438 - getConditionDescription Invalid condition id : UX DEVICE CLASS RTOS Condition cause : null
2024-10-18 23:48:04,629 [WARN] PackLoader:240 - Cannot read IP mode file for STMicroelectronics.X-CUBE-AZRTOS-WB.2.0.0
2024-10-18 23:48:04,630 [WARN] ConditionMgr:1039 - genDependencies : Invalid condition id : UX DEVICE CLASS RTOS Condition cause : null
2024-10-18 23:48:04,630 [WARN] ConditionMgr:1039 - genDependencies : Invalid condition id : UX DEVICE CLASS RTOS Condition cause : null
2024-10-18 23:48:04,631 [WARN] ConditionMgr:1039 - genDependencies : Invalid condition id : UX DEVICE CLASS RTOS Condition cause : null
2024-10-18 23:48:04,631 [WARN] ConditionMgr:1039 - genDependencies : Invalid condition id : UX DEVICE CLASS RTOS Condition cause : null
2024-10-18 23:48:04,631 [WARN] ConditionMgr:1039 - genDependencies : Invalid condition id : UX DEVICE CLASS RTOS Condition cause : null
2024-10-18 23:48:04,637 [WARN] PackLoader:240 - Cannot read IP mode file for STMicroelectronics.X-CUBE-FREERTOS.1.0.1
2024-10-18 23:48:04,643 [WARN] PackLoader:240 - Cannot read IP mode file for STMicroelectronics.X-CUBE-GNSS1.7.0.0
2024-10-18 23:48:04,652 [WARN] PackLoader:240 - Cannot read IP mode file for STMicroelectronics.FP-SNS-STBOX1.2.0.0
2024-10-18 23:48:04,677 [WARN] PackLoader:240 - Cannot read IP mode file for STMicroelectronics.X-CUBE-AZRTOS-L5.1.1.0
2024-10-18 23:48:04,684 [WARN] PackLoader:240 - Cannot read IP mode file for STMicroelectronics.X-CUBE-AI.8.0.1
2024-10-18 23:48:04,696 [WARN] PackLoader:240 - Cannot read IP mode file for STMicroelectronics.X-CUBE-SUBG2.5.0.0
2024-10-18 23:48:04,707 [WARN] PackLoader:240 - Cannot read IP mode file for Cesanta.I-CUBE-Mongoose.7.13.0
2024-10-18 23:48:04,722 [WARN] PackLoader:240 - Cannot read IP mode file for STMicroelectronics.X-CUBE-AZRTOS-G4.2.0.0
2024-10-18 23:48:04,735 [WARN] PackLoader:240 - Cannot read IP mode file for STMicroelectronics.X-CUBE-TOF1.3.3.0
2024-10-18 23:48:04,751 [WARN] PackLoader:240 - Cannot read IP mode file for STMicroelectronics.FP-ATR-ASTRA1.1.1.1
2024-10-18 23:48:04,764 [WARN] PackLoader:240 - Cannot read IP mode file for Infineon.AIROC-Wi-Fi-Bluetooth-STM32.1.5.1
2024-10-18 23:48:04,771 [WARN] PackLoader:240 - Cannot read IP mode file for STMicroelectronics.FP-SNS-MOTENVWB1.1.3.1
2024-10-18 23:48:04,785 [WARN] PackLoader:240 - Cannot read IP mode file for STMicroelectronics.X-CUBE-AZRTOS-G4.1.0.0
2024-10-18 23:48:04,806 [WARN] PackLoader:240 - Cannot read IP mode file for STMicroelectronics.X-CUBE-AZRTOS-L4.1.0.0
2024-10-18 23:48:04,813 [WARN] PackLoader:240 - Cannot read IP mode file for STMicroelectronics.X-CUBE-ISPU.2.0.0
2024-10-18 23:48:04,817 [WARN] PackLoader:240 - Cannot read IP mode file for STMicroelectronics.X-CUBE-ALS.1.0.2
2024-10-18 23:48:04,858 [WARN] PackLoader:240 - Cannot read IP mode file for STMicroelectronics.X-CUBE-MEMS1.10.0.0
2024-10-18 23:48:04,891 [INFO] ApiDb:240 - Found 646 in-development CPN: [B-G473E-ZEST1S, B-WB1M-WPAN1, B-WL5M-SUBG1, NUCLEO-C031C6, NUCLEO-C071RB, NUCLEO-H503RB, NUCLEO-H533RE, NUCLEO-H563ZI, NUCLEO-H7S3L8, NUCLEO-U031R8, NUCLEO-U083RC, NUCLEO-U545RE-Q, NUCLEO-U5A5ZJ-Q, NUCLEO-WB05KZ, NUCLEO-WB07CC, NUCLEO-WB09KE, NUCLEO-WBA52CG, NUCLEO-WBA55CG, STEVAL-PROTEUS1, STEVAL-SMARTAG2, STEVAL-STWINBX1, STM320518-EVAL, STM32C0116-DK, STM32C011D6Y3TR, STM32C011D6Y6TR, STM32C011F4P3, STM32C011F4P6, STM32C011F4U3, STM32C011F4U6TR, STM32C011F6P3, STM32C011F6P6, STM32C011F6U3, STM32C011F6U6TR, STM32C011J4M3, STM32C011J4M6, STM32C011J6M3, STM32C011J6M6, STM32C0316-DK, STM32C031C4T3, STM32C031C4T6, STM32C031C4U3, STM32C031C4U6, STM32C031C6T3, STM32C031C6T6, STM32C031C6U3, STM32C031C6U6, STM32C031F4P3, STM32C031F4P6, STM32C031F6P3, STM32C031F6P6, STM32C031G4U3, STM32C031G4U6, STM32C031G6U3, STM32C031G6U6, STM32C031K4T3, STM32C031K4T6, STM32C031K4U3, STM32C031K4U6, STM32C031K6T3, STM32C031K6T6, STM32C031K6U3, STM32C031K6U6, STM32C071C8T6, STM32C071C8T6N, STM32C071C8U6, STM32C071C8U6N, STM32C071CBT6, STM32C071CBT6N, STM32C071CBU6, STM32C071CBU6N, STM32C071F8P6, STM32C071F8P6N, STM32C071FBP6, STM32C071FBP6N, STM32C071FBY6TR, STM32C071G8U6, STM32C071G8U6N, STM32C071GBU6, STM32C071GBU6N, STM32C071K8T6, STM32C071K8T6N, STM32C071K8U6, STM32C071K8U6N, STM32C071KBT6, STM32C071KBT6N, STM32C071KBU6, STM32C071KBU6N, STM32C071R8T6, STM32C071R8T6N, STM32C071RBI6N, STM32C071RBT6, STM32C071RBT6N, STM32G071K8TXN, STM32G071K8UXN, STM32G081GBU6N, STM32G081KBT6N, STM32G081KBUXN, STM32G0B1CCT6N, STM32G0B1KCT6, STM32G0B1NEY6TR, STM32G0B1RCT6N, STM32G0C1CCT6, STM32G0C1CCT6N, STM32G0C1CCU6N, STM32G0C1CET6N, STM32G0C1CEU6N, STM32G0C1KCT6, STM32G0C1NEY6TR, STM32G0C1RCI6N, STM32G0C1RCT6N, STM32G0C1REI6N, STM32G0C1RET6N, STM32G0C1VCI6, STM32G0C1VEI6, STM32G411C6T3, STM32G411C6T6, STM32G411C6U3, STM32G411C6U6, STM32G411C8T3, STM32G411C8T6, STM32G411C8U3, STM32G411C8U6, STM32G411CBT3, STM32G411CBT6, STM32G411CBU3, STM32G411CBU6, STM32G411K6T3, STM32G411K6T6, STM32G411K6U3, STM32G411K6U6, STM32G411K8T3, STM32G411K8T6, STM32G411K8U3, STM32G411K8U6, STM32G411KBT3, STM32G411KBT6, STM32G411KBU3, STM32G411KBU6, STM32G411M6T3, STM32G411M6T6, STM32G411M8T3, STM32G411M8T6, STM32G411MBT3, STM32G411MBT6, STM32G411R6T3, STM32G411R6T6, STM32G411R8T3, STM32G411R8T6, STM32G411RBT3, STM32G411RBT6, STM32G414CBT3, STM32G414CBT6, STM32G414CBU3, STM32G414CBU6, STM32G414CCT3, STM32G414CCT6, STM32G414CCU3, STM32G414CCU6, STM32G414MBT3, STM32G414MBT6, STM32G414MCT3, STM32G414MCT6, STM32G414RBT3, STM32G414RBT6, STM32G414RCT3, STM32G414RCT6, STM32G414VBT3, STM32G414VBT6, STM32G414VCT3, STM32G414VCT6, STM32G431CBT3Z, STM32G431RBT3Z, STM32G471CCT6, STM32G471CCU6, STM32G471CET3, STM32G471CET6, STM32G471CEU3, STM32G471CEU6, STM32G471MCT6, STM32G471MET3, STM32G471MET6, STM32G471MEY6TR, STM32G471QCT6, STM32G471QET3, STM32G471RCT6, STM32G471RET3, STM32G471RET6, STM32G471VCH6, STM32G471VCI6, STM32G471VCT6, STM32G471VEH3, STM32G471VEH6, STM32G471VEI3, STM32G471VEI6, STM32G471VET3, STM32G471VET6, STM32G473QET3Z, STM32G473RET3Z, STM32G474CCT6, STM32G491RET3Z, STM32H503CBT6, STM32H503CBU6, STM32H503EBY6TR, STM32H503KBU6, STM32H503RBT6, STM32H523CCT6, STM32H523CCU6, STM32H523CET6, STM32H523CEU6, STM32H523HEY6TR, STM32H523RCT6, STM32H523RET6, STM32H523VCI6, STM32H523VCT6, STM32H523VEI6, STM32H523VET6, STM32H523ZCJ6, STM32H523ZCT6, STM32H523ZEJ6, STM32H523ZET6, STM32H533CET6, STM32H533CEU6, STM32H533HEY6TR, STM32H533RET6, STM32H533VEI6, STM32H533VET6, STM32H533ZEJ6, STM32H533ZET6, STM32H562AGI6, STM32H562AII6, STM32H562IGK6, STM32H562IGT6, STM32H562IIK6, STM32H562IIT6, STM32H562RGT6, STM32H562RGV6, STM32H562RIT6, STM32H562RIV6, STM32H562VGT6, STM32H562VIT6, STM32H562ZGT6, STM32H562ZIT6, STM32H563AGI6, STM32H563AII3Q, STM32H563AII6, STM32H563IGK6, STM32H563IGT6, STM32H563IIK3Q, STM32H563IIK6, STM32H563IIT3Q, STM32H563IIT6, STM32H563MIY3QTR, STM32H563RGT6, STM32H563RGV6, STM32H563RIT6, STM32H563RIV6, STM32H563VGT6, STM32H563VIT3Q, STM32H563VIT6, STM32H563ZGT6, STM32H563ZIT3Q, STM32H563ZIT6, STM32H573AII3Q, STM32H573AII6, STM32H573I-DK, STM32H573IIK3Q, STM32H573IIK6, STM32H573IIT3Q, STM32H573IIT6, STM32H573MIY3QTR, STM32H573RIT6, STM32H573RIV6, STM32H573VIT3Q, STM32H573VIT6, STM32H573ZIT3Q, STM32H573ZIT6, STM32H7R3A8I6, STM32H7R3I8K6, STM32H7R3I8T6, STM32H7R3L8H6, STM32H7R3L8H6H, STM32H7R3R8V6, STM32H7R3V8H6, STM32H7R3V8T6, STM32H7R3V8Y6TR, STM32H7R3Z8J6, STM32H7R3Z8T6, STM32H7R7A8I6, STM32H7R7I8K6, STM32H7R7I8T6, STM32H7R7L8H6, STM32H7R7L8H6H, STM32H7R7Z8J6, STM32H7S3A8I6, STM32H7S3I8K6, STM32H7S3I8T6, STM32H7S3L8H6, STM32H7S3L8H6H, STM32H7S3R8V6, STM32H7S3V8H6, STM32H7S3V8T6, STM32H7S3V8Y6TR, STM32H7S3Z8J6, STM32H7S3Z8T6, STM32H7S78-DK, STM32H7S7A8I6, STM32H7S7I8K6, STM32H7S7I8T6, STM32H7S7L8H6, STM32H7S7L8H6H, STM32H7S7Z8J6, STM32L4R5QGI6STR, STM32MP131AAE3, STM32MP131AAF3, STM32MP131AAG3, STM32MP131CAE3, STM32MP131CAF3, STM32MP131CAG3, STM32MP131DAE7, STM32MP131DAF7, STM32MP131DAG7, STM32MP131FAE7, STM32MP131FAF7, STM32MP131FAG7, STM32MP133AAE3, STM32MP133AAF3, STM32MP133AAG3, STM32MP133CAE3, STM32MP133CAF3, STM32MP133CAG3, STM32MP133DAE7, STM32MP133DAF7, STM32MP133DAG7, STM32MP133FAE7, STM32MP133FAF7, STM32MP133FAG7, STM32MP135AAE3, STM32MP135AAF3, STM32MP135AAG3, STM32MP135CAE3, STM32MP135CAF3, STM32MP135CAG3, STM32MP135DAE7, STM32MP135DAF7, STM32MP135DAG7, STM32MP135F-DK, STM32MP135FAE7, STM32MP135FAF7, STM32MP135FAF7T, STM32MP135FAF7U, STM32MP135FAG7, STM32MP251AAI3, STM32MP251AAK3, STM32MP251AAL3, STM32MP251CAI3, STM32MP251CAK3, STM32MP251CAL3, STM32MP251DAI3, STM32MP251DAK3, STM32MP251DAL3, STM32MP251FAI3, STM32MP251FAK3, STM32MP251FAL3, STM32MP253AAI3, STM32MP253AAK3, STM32MP253AAL3, STM32MP253CAI3, STM32MP253CAK3, STM32MP253CAL3, STM32MP253DAI3, STM32MP253DAK3, STM32MP253DAL3, STM32MP253FAI3, STM32MP253FAK3, STM32MP253FAL3, STM32MP255AAI3, STM32MP255AAK3, STM32MP255AAL3, STM32MP255CAI3, STM32MP255CAK3, STM32MP255CAL3, STM32MP255DAI3, STM32MP255DAK3, STM32MP255DAL3, STM32MP255FAI3, STM32MP255FAK3, STM32MP255FAL3, STM32MP257AAI3, STM32MP257AAK3, STM32MP257AAL3, STM32MP257CAI3, STM32MP257CAK3, STM32MP257CAL3, STM32MP257DAI3, STM32MP257DAK3, STM32MP257DAL3, STM32MP257F-DK, STM32MP257F-EV1, STM32MP257FAI3, STM32MP257FAK3, STM32MP257FAL3, STM32U031C6T6, STM32U031C6U6, STM32U031C8T6, STM32U031C8U6, STM32U031F4P6, STM32U031F6P6, STM32U031F8P6, STM32U031G6Y6TR, STM32U031G8Y6TR, STM32U031K4U6, STM32U031K6U6, STM32U031K8U6, STM32U031R6I6, STM32U031R6T6, STM32U031R8I6, STM32U031R8T6, STM32U073C8T6, STM32U073C8U6, STM32U073CBT6, STM32U073CBU6, STM32U073CCT6, STM32U073CCU6, STM32U073H8Y6TR, STM32U073HBY6TR, STM32U073HCY6TR, STM32U073K8U6, STM32U073KBU6, STM32U073KCU6, STM32U073M8I6, STM32U073M8T6, STM32U073MBI6, STM32U073MBT6, STM32U073MCI6, STM32U073MCT6, STM32U073R8I6, STM32U073R8T6, STM32U073RBI6, STM32U073RBT6, STM32U073RCI6, STM32U073RCT6, STM32U083C-DK, STM32U083CCT6, STM32U083CCU6, STM32U083HCY6TR, STM32U083KCU6, STM32U083MCI6, STM32U083MCT6, STM32U083RCI6, STM32U083RCT6, STM32U535CBT6, STM32U535CBT6Q, STM32U535CBU6, STM32U535CBU6Q, STM32U535CCT6, STM32U535CCT6Q, STM32U535CCU6, STM32U535CCU6Q, STM32U535CET6, STM32U535CET6Q, STM32U535CEU6, STM32U535CEU6Q, STM32U535JEY6QTR, STM32U535NCY6QTR, STM32U535NEY6QTR, STM32U535RBI6, STM32U535RBI6Q, STM32U535RBT6, STM32U535RBT6Q, STM32U535RCI6, STM32U535RCI6Q, STM32U535RCT6, STM32U535RCT6Q, STM32U535REI6, STM32U535REI6Q, STM32U535RET6, STM32U535RET6Q, STM32U535VCI6, STM32U535VCI6Q, STM32U535VCT6, STM32U535VCT6Q, STM32U535VEI6, STM32U535VEI6Q, STM32U535VET6, STM32U535VET6Q, STM32U545CET6, STM32U545CET6Q, STM32U545CEU6, STM32U545CEU6Q, STM32U545JEY6QTR, STM32U545NEY6QTR, STM32U545REI6, STM32U545REI6Q, STM32U545RET6, STM32U545RET6Q, STM32U545VEI6, STM32U545VEI6Q, STM32U545VET6, STM32U545VET6Q, STM32U595AIH6, STM32U595AIH6Q, STM32U595AJH6, STM32U595AJH6Q, STM32U595QII6, STM32U595QII6Q, STM32U595QJI6, STM32U595QJI6Q, STM32U595RIT6, STM32U595RIT6Q, STM32U595RJT6, STM32U595RJT6Q, STM32U595VIT6, STM32U595VIT6Q, STM32U595VJT6, STM32U595VJT6Q, STM32U595ZIT6, STM32U595ZIT6Q, STM32U595ZIY6QTR, STM32U595ZJT6, STM32U595ZJT6Q, STM32U595ZJY6QTR, STM32U599BJY6QTR, STM32U599NIH6Q, STM32U599NJH6Q, STM32U599VIT6Q, STM32U599VJT6, STM32U599VJT6Q, STM32U599ZIT6Q, STM32U599ZIY6QTR, STM32U599ZJT6Q, STM32U599ZJY6QTR, STM32U5A5AJH6, STM32U5A5AJH6Q, STM32U5A5QII3Q , STM32U5A5QJI6, STM32U5A5QJI6Q, STM32U5A5RJT6, STM32U5A5RJT6Q, STM32U5A5VJT6, STM32U5A5VJT6Q, STM32U5A5ZJT6, STM32U5A5ZJT6Q, STM32U5A5ZJY6QTR, STM32U5A9BJY6QTR, STM32U5A9J-DK, STM32U5A9NJH6Q, STM32U5A9VJT6Q, STM32U5A9ZJT6Q, STM32U5A9ZJY6QTR, STM32U5F7VIT6, STM32U5F7VIT6Q, STM32U5F7VJT6, STM32U5F7VJT6Q, STM32U5F9BJY6QTR, STM32U5F9NJH6Q, STM32U5F9VIT6Q, STM32U5F9VJT6Q, STM32U5F9ZIJ6QTR, STM32U5F9ZIT6Q, STM32U5F9ZJJ6QTR, STM32U5F9ZJT6Q, STM32U5G7VJT6, STM32U5G7VJT6Q, STM32U5G9BJY6QTR, STM32U5G9J-DK1, STM32U5G9J-DK2, STM32U5G9NJH6Q, STM32U5G9VJT6Q, STM32U5G9ZJJ6QTR, STM32U5G9ZJT6Q, STM32WB05KZV6TR, STM32WB05KZV7TR, STM32WB05TZF6TR, STM32WB05TZF7TR, STM32WB06CCF6TR, STM32WB06CCF7TR, STM32WB06CCV6TR, STM32WB06CCV7TR, STM32WB06KCV6TR, STM32WB06KCV7TR, STM32WB07CCF6TR, STM32WB07CCF7TR, STM32WB07CCV6TR, STM32WB07CCV7TR, STM32WB07KCV6TR, STM32WB07KCV7TR, STM32WB09KEV6TR, STM32WB09KEV7TR, STM32WB09TEF6TR, STM32WB09TEF7TR, STM32WB1MMCH6, STM32WBA50KGU6, STM32WBA50KGU6TR, STM32WBA52CEU6, STM32WBA52CEU6TR, STM32WBA52CEU7, STM32WBA52CEU7TR, STM32WBA52CGU6, STM32WBA52CGU6TR, STM32WBA52CGU6U, STM32WBA52CGU7, STM32WBA52CGU7TR, STM32WBA52KEU6, STM32WBA52KEU6TR, STM32WBA52KGU6, STM32WBA52KGU6TR, STM32WBA54CEU6, STM32WBA54CEU6TR, STM32WBA54CEU7, STM32WBA54CEU7TR, STM32WBA54CGU6, STM32WBA54CGU6TR, STM32WBA54CGU7, STM32WBA54CGU7TR, STM32WBA54KEU6, STM32WBA54KEU6TR, STM32WBA54KEU7, STM32WBA54KEU7TR, STM32WBA54KGU6, STM32WBA54KGU6TR, STM32WBA54KGU7, STM32WBA54KGU7TR, STM32WBA55CEU6, STM32WBA55CEU6TR, STM32WBA55CEU7, STM32WBA55CEU7TR, STM32WBA55CGU6, STM32WBA55CGU6TR, STM32WBA55CGU6U, STM32WBA55CGU7, STM32WBA55CGU7TR, STM32WBA55G-DK1, STM32WBA55HEF6, STM32WBA55HEF7, STM32WBA55HGF6, STM32WBA55HGF7, STM32WBA55UEI6, STM32WBA55UEI6TR, STM32WBA55UEI7, STM32WBA55UEI7TR, STM32WBA55UGI6, STM32WBA55UGI6TR, STM32WBA55UGI7, STM32WBA55UGI7TR, STM32WL5MOCH6, STM32WL5MOCH6TR]
2024-10-18 23:48:04,899 [INFO] DbMcus:218 - Found 4252 MCUs, 4252 are supported
2024-10-18 23:48:04,900 [INFO] ApiDb:423 - Load user favorites file C:\Users\diobe/.stm32cubeide/favorites.mcus.txt: 0 item(s)
2024-10-18 23:48:04,900 [INFO] ApiDb:427 - User favorites MCUs=[]
2024-10-18 23:48:04,901 [INFO] DbMcus:224 - Set 0 / 0 favorites MCUs
2024-10-18 23:48:04,961 [WARN] PackLoader:240 - Cannot read IP mode file for STMicroelectronics.X-CUBE-FREERTOS.1.1.0
2024-10-18 23:48:04,963 [WARN] PackLoader:240 - Cannot read IP mode file for STMicroelectronics.X-CUBE-TOUCHGFX.4.24.0
2024-10-18 23:48:04,971 [WARN] PackLoader:240 - Cannot read IP mode file for STMicroelectronics.X-CUBE-AZRTOS-WL.1.0.0
2024-10-18 23:48:04,975 [WARN] PackLoader:240 - Cannot read IP mode file for STMicroelectronics.X-CUBE-TOUCHGFX.4.24.1
2024-10-18 23:48:04,979 [WARN] PackLoader:240 - Cannot read IP mode file for portGmbH.I-Cube-SoM-uGOAL.1.1.0
2024-10-18 23:48:04,982 [WARN] PackLoader:240 - Cannot read IP mode file for STMicroelectronics.X-CUBE-ALS.1.0.1
2024-10-18 23:48:04,997 [WARN] PackLoader:240 - Cannot read IP mode file for STMicroelectronics.X-CUBE-AZRTOS-WB.1.1.0
2024-10-18 23:48:05,015 [WARN] PackLoader:240 - Cannot read IP mode file for STMicroelectronics.X-CUBE-AZRTOS-H7RS.1.0.0
2024-10-18 23:48:05,020 [WARN] PackLoader:240 - Cannot read IP mode file for STMicroelectronics.FP-ATR-ASTRA1.2.0.0
2024-10-18 23:48:05,031 [WARN] PackLoader:240 - Cannot read IP mode file for STMicroelectronics.X-CUBE-TOF1.3.4.2
2024-10-18 23:48:05,049 [WARN] PackLoader:240 - Cannot read IP mode file for STMicroelectronics.X-CUBE-TOF1.3.4.0
2024-10-18 23:48:05,071 [WARN] PackLoader:240 - Cannot read IP mode file for STMicroelectronics.X-CUBE-AZRTOS-H7.3.2.0
2024-10-18 23:48:05,078 [WARN] PackLoader:240 - Cannot read IP mode file for wolfSSL.I-CUBE-wolfSSH.1.4.17
2024-10-18 23:48:05,078 [INFO] ThirdParty:978 - Integrity check success = true
2024-10-18 23:48:05,079 [INFO] IntegrityCheckThread:100 - exiting critical section [integrity check]
2024-10-18 23:48:05,079 [INFO] IntegrityCheckThread:103 - End integrity checks thread
2024-10-18 23:48:05,363 [INFO] ApiDb:423 - Load user favorites file C:\Users\diobe/.stm32cubeide/favorites.boards.txt: 1 item(s)
2024-10-18 23:48:05,363 [INFO] ApiDb:427 - User favorites Boards=[NUCLEO-F401RE]
2024-10-18 23:48:05,363 [INFO] DbBoards:198 - Set 1 / 1 favorites Boards
2024-10-18 23:48:05,363 [INFO] McuFinderGlobals:76 - Set McuFinderConnectedMode to true
2024-10-18 23:48:05,371 [INFO] MultiScanPanel:200 - Auto-refresh data requested => check proxy status ongoing
2024-10-18 23:48:05,374 [INFO] FinderPluginLoader:95 - Searching for filters in installed packs
2024-10-18 23:48:06,675 [INFO] LoadUrlFilesThread:185 - End of LoadServerUrlFiles without Thread
2024-10-18 23:48:06,715 [INFO] DetailPanel:341 - Set advertising image to C:/Users/diobe/STM32Cube/Repository/\en.prom-stm32c071-usb-memories-mcu-finder.png
2024-10-18 23:49:39,246 [INFO] MainUpdater:2873 - connection check result : 10
2024-10-18 23:49:39,247 [INFO] MainUpdater:2873 - connection check result : 10
2024-10-18 23:49:39,311 [INFO] RulesReader:64 - Compatibility file has been processed (297 Rules)
2024-10-18 23:49:39,329 [INFO] RulesReader:64 - Compatibility file has been processed (297 Rules)
2024-10-18 23:49:39,333 [INFO] MicroXplorer:468 - Change Database Path : 
2024-10-18 23:49:39,334 [INFO] MicroXplorer:498 - Change Database Version : DB.6.0.121
2024-10-18 23:49:39,339 [WARN] ThirdParty:871 - waiting for thirdparty lock release [close project]
2024-10-18 23:49:39,340 [INFO] ThirdParty:873 - entering critical section [close project]
2024-10-18 23:49:39,340 [INFO] ThirdParty:883 - exiting critical section [close project]
2024-10-18 23:49:39,342 [INFO] PinOutPanel:1561 - setPackage(No Configuration,No Configuration)
2024-10-18 23:49:39,345 [INFO] UtilMem:75 - Begin LoadConfig() Used Memory: 541528224 Bytes (1058013184)
2024-10-18 23:49:39,346 [INFO] MicroXplorer:468 - Change Database Path : 
2024-10-18 23:49:39,346 [INFO] MicroXplorer:498 - Change Database Version : DB.6.0.121
2024-10-18 23:49:39,346 [INFO] OpenFileManager:332 - Change cursor
2024-10-18 23:49:39,373 [INFO] Mcu:2032 - Initializing MCU STM32F103RBTx STM32F103RBTx STM32F103RBT6
2024-10-18 23:49:40,292 [INFO] Context:742 - Trying to add GPIOservice into a context  which must be forbidden
2024-10-18 23:49:40,586 [INFO] ImportTextPane:205 - (OptionalMessage_ERROR) Unable to find key (Mcu.ThirdPartyNb) in loaded IOC file
2024-10-18 23:49:40,587 [INFO] ImportTextPane:205 - (OptionalMessage_ERROR) Unable to find key (Mcu.PinsNb) in loaded IOC file
2024-10-18 23:49:40,587 [INFO] ImportTextPane:205 - (OptionalMessage_ERROR) Unable to find key (Mcu.IPNb) in loaded IOC file
2024-10-18 23:49:40,956 [INFO] RtosManager:555 - Registered RTOS mode: class=CMSIS, group=RTOS, mode=CMSIS_V1, owner=FREERTOS
2024-10-18 23:49:40,957 [INFO] RtosManager:555 - Registered RTOS mode: class=CMSIS, group=RTOS2, mode=CMSIS_V2, owner=FREERTOS
2024-10-18 23:49:40,957 [INFO] RtosManager:555 - Registered RTOS mode: class=RTOS, group=Core, mode=CMSIS_V1, owner=FREERTOS
2024-10-18 23:49:40,957 [INFO] RtosManager:555 - Registered RTOS mode: class=RTOS, group=Core, mode=CMSIS_V2, owner=FREERTOS
2024-10-18 23:49:40,957 [WARN] ModelIntegratedComponent:184 - Missing modes for component STMicroelectronics:FreeRTOS:0.0.1:STMicroelectronics:RTOS:FreeRTOS:Core:::10.2.0:
2024-10-18 23:49:40,963 [WARN] ModelIntegratedComponent:63 - No mode defined for component null
2024-10-18 23:49:40,964 [WARN] ModelIntegratedComponent:63 - No mode defined for component null
2024-10-18 23:49:40,964 [WARN] ModelIntegratedComponent:63 - No mode defined for component null
2024-10-18 23:49:40,964 [WARN] ModelIntegratedComponent:63 - No mode defined for component null
2024-10-18 23:49:40,964 [WARN] ModelIntegratedComponent:63 - No mode defined for component null
2024-10-18 23:49:40,964 [WARN] ModelIntegratedComponent:63 - No mode defined for component null
2024-10-18 23:49:40,964 [WARN] ModelIntegratedComponent:63 - No mode defined for component null
2024-10-18 23:49:40,964 [WARN] ModelIntegratedComponent:63 - No mode defined for component null
2024-10-18 23:49:40,964 [WARN] ModelIntegratedComponent:63 - No mode defined for component null
2024-10-18 23:49:40,964 [WARN] ModelIntegratedComponent:63 - No mode defined for component null
2024-10-18 23:49:40,964 [WARN] ModelIntegratedComponent:63 - No mode defined for component null
2024-10-18 23:49:40,964 [WARN] ModelIntegratedComponent:63 - No mode defined for component null
2024-10-18 23:49:40,964 [WARN] ModelIntegratedComponent:63 - No mode defined for component null
2024-10-18 23:49:40,965 [WARN] ModelIntegratedComponent:63 - No mode defined for component null
2024-10-18 23:49:40,965 [WARN] ModelIntegratedComponent:63 - No mode defined for component null
2024-10-18 23:49:40,965 [WARN] ModelIntegratedComponent:63 - No mode defined for component null
2024-10-18 23:49:40,965 [WARN] ModelIntegratedComponent:63 - No mode defined for component null
2024-10-18 23:49:40,965 [WARN] ModelIntegratedComponent:63 - No mode defined for component null
2024-10-18 23:49:40,965 [WARN] ModelIntegratedComponent:63 - No mode defined for component null
2024-10-18 23:49:40,965 [WARN] ModelIntegratedComponent:63 - No mode defined for component null
2024-10-18 23:49:40,965 [WARN] ModelIntegratedComponent:63 - No mode defined for component null
2024-10-18 23:49:40,965 [WARN] ModelIntegratedComponent:63 - No mode defined for component null
2024-10-18 23:49:40,965 [WARN] ModelIntegratedComponent:63 - No mode defined for component null
2024-10-18 23:49:40,965 [WARN] ModelIntegratedComponent:63 - No mode defined for component null
2024-10-18 23:49:40,965 [WARN] ModelIntegratedComponent:63 - No mode defined for component null
2024-10-18 23:49:40,965 [WARN] ModelIntegratedComponent:63 - No mode defined for component null
2024-10-18 23:49:40,965 [WARN] ModelIntegratedComponent:63 - No mode defined for component null
2024-10-18 23:49:40,966 [WARN] ModelIntegratedComponent:63 - No mode defined for component null
2024-10-18 23:49:40,966 [WARN] ModelIntegratedComponent:63 - No mode defined for component null
2024-10-18 23:49:40,966 [WARN] ModelIntegratedComponent:63 - No mode defined for component null
2024-10-18 23:49:40,966 [WARN] ModelIntegratedComponent:63 - No mode defined for component null
2024-10-18 23:49:40,966 [WARN] ModelIntegratedComponent:63 - No mode defined for component null
2024-10-18 23:49:40,966 [WARN] ModelIntegratedComponent:63 - No mode defined for component null
2024-10-18 23:49:40,966 [WARN] ModelIntegratedComponent:63 - No mode defined for component null
2024-10-18 23:49:40,966 [WARN] ModelIntegratedComponent:63 - No mode defined for component null
2024-10-18 23:49:40,966 [WARN] ModelPack:524 - Component already loaded: STMicroelectronics:HAL Drivers:0.0.0:STMicroelectronics:Device:STMicro_Driver:XSPI:HAL::0.0.1:HAL_XSPI
2024-10-18 23:49:41,265 [INFO] ThirdPartyModel:298 - Start build external matchings
2024-10-18 23:49:44,306 [INFO] ThirdPartyModel:316 - End build external matchings
2024-10-18 23:49:44,626 [INFO] UtilMem:75 - End LoadConfig() Used Memory: 871055696 Bytes (1073741824)
2024-10-18 23:49:44,678 [WARN] ThirdParty:833 - waiting for thirdparty lock release [change project]
2024-10-18 23:49:44,679 [INFO] ThirdParty:835 - entering critical section [change project]
2024-10-18 23:49:44,679 [INFO] ThirdParty:1030 - CMSIS Pack Vendor :STMicroelectronics USBPD 4.1
2024-10-18 23:49:44,679 [INFO] ThirdParty:1030 - CMSIS Pack Vendor :STMicroelectronics X-CUBE-GNSS1 6.0.0
2024-10-18 23:49:44,679 [INFO] ThirdParty:1030 - CMSIS Pack Vendor :STMicroelectronics USB_HOST 2.0.0
2024-10-18 23:49:44,679 [INFO] ThirdParty:1030 - CMSIS Pack Vendor :STMicroelectronics FP-SNS-MOTENVWB1 1.4.0
2024-10-18 23:49:44,679 [INFO] ThirdParty:1030 - CMSIS Pack Vendor :STMicroelectronics X-CUBE-AZRTOS-F4 1.1.0
2024-10-18 23:49:44,679 [INFO] ThirdParty:1030 - CMSIS Pack Vendor :STMicroelectronics LIBJPEG 8.0.0
2024-10-18 23:49:44,679 [INFO] ThirdParty:1030 - CMSIS Pack Vendor :STMicroelectronics X-CUBE-SMBUS 2.1.0
2024-10-18 23:49:44,679 [INFO] ThirdParty:1030 - CMSIS Pack Vendor :STMicroelectronics X-CUBE-WB05N 1.1.0
2024-10-18 23:49:44,679 [INFO] ThirdParty:1030 - CMSIS Pack Vendor :STMicroelectronics X-CUBE-ISPU 2.1.0
2024-10-18 23:49:44,679 [INFO] ThirdParty:1030 - CMSIS Pack Vendor :STMicroelectronics X-CUBE-FREERTOS 1.2.0
2024-10-18 23:49:44,679 [INFO] ThirdParty:1030 - CMSIS Pack Vendor :STMicroelectronics X-CUBE-TOUCHGFX 4.23.0
2024-10-18 23:49:44,679 [INFO] ThirdParty:1030 - CMSIS Pack Vendor :STMicroelectronics X-CUBE-AZRTOS-F7 1.1.0
2024-10-18 23:49:44,680 [INFO] ThirdParty:1030 - CMSIS Pack Vendor :STMicroelectronics X-CUBE-AZRTOS-L5 2.0.0
2024-10-18 23:49:44,680 [INFO] ThirdParty:1030 - CMSIS Pack Vendor :STMicroelectronics USB_DEVICE 2.0.0
2024-10-18 23:49:44,680 [INFO] ThirdParty:1030 - CMSIS Pack Vendor :STMicroelectronics X-CUBE-MEMS1 9.6.0
2024-10-18 23:49:44,680 [INFO] ThirdParty:1030 - CMSIS Pack Vendor :STMicroelectronics X-CUBE-NFC6 3.1.0
2024-10-18 23:49:44,680 [INFO] ThirdParty:1030 - CMSIS Pack Vendor :ITTIA_DB I-CUBE-ITTIADB 8.8.0
2024-10-18 23:49:44,680 [INFO] ThirdParty:1030 - CMSIS Pack Vendor :STMicroelectronics FP-SNS-MOTENV1 4.3.2
2024-10-18 23:49:44,680 [INFO] ThirdParty:1030 - CMSIS Pack Vendor :STMicroelectronics FP-SNS-MOTENV1 4.3.1
2024-10-18 23:49:44,680 [INFO] ThirdParty:1030 - CMSIS Pack Vendor :STMicroelectronics FP-SNS-FLIGHT1 5.0.1
2024-10-18 23:49:44,680 [INFO] ThirdParty:1030 - CMSIS Pack Vendor :STMicroelectronics X-CUBE-MEMS1 11.0.0
2024-10-18 23:49:44,680 [INFO] ThirdParty:1030 - CMSIS Pack Vendor :STMicroelectronics X-CUBE-BLE1 6.2.4
2024-10-18 23:49:44,680 [INFO] ThirdParty:1030 - CMSIS Pack Vendor :STMicroelectronics FreeRTOS 0.0.1
2024-10-18 23:49:44,680 [INFO] ThirdParty:1030 - CMSIS Pack Vendor :emotas I-CUBE-CANOPEN 1.1.3
2024-10-18 23:49:44,680 [INFO] ThirdParty:1030 - CMSIS Pack Vendor :STMicroelectronics X-CUBE-BLEMGR 2.0.0
2024-10-18 23:49:44,680 [INFO] ThirdParty:1030 - CMSIS Pack Vendor :STMicroelectronics X-CUBE-DPower 1.2.0
2024-10-18 23:49:44,680 [INFO] ThirdParty:1030 - CMSIS Pack Vendor :STMicroelectronics FP-SNS-FLIGHT1 5.0.2
2024-10-18 23:49:44,681 [INFO] ThirdParty:1030 - CMSIS Pack Vendor :STMicroelectronics X-CUBE-AI 9.0.0
2024-10-18 23:49:44,681 [INFO] ThirdParty:1030 - CMSIS Pack Vendor :STMicroelectronics X-CUBE-AZRTOS-H7 3.1.0
2024-10-18 23:49:44,681 [INFO] ThirdParty:1030 - CMSIS Pack Vendor :STMicroelectronics PDM2PCM 3.3.0
2024-10-18 23:49:44,681 [INFO] ThirdParty:1030 - CMSIS Pack Vendor :STMicroelectronics X-CUBE-DISPLAY 3.0.0
2024-10-18 23:49:44,681 [INFO] ThirdParty:1030 - CMSIS Pack Vendor :STMicroelectronics X-CUBE-BLE1 7.0.0
2024-10-18 23:49:44,681 [INFO] ThirdParty:1030 - CMSIS Pack Vendor :STMicroelectronics X-CUBE-NFC10 1.0.0
2024-10-18 23:49:44,681 [INFO] ThirdParty:1030 - CMSIS Pack Vendor :wolfSSL I-CUBE-wolfSSL 5.5.4
2024-10-18 23:49:44,681 [INFO] ThirdParty:1030 - CMSIS Pack Vendor :STMicroelectronics HAL Drivers 0.0.0
2024-10-18 23:49:44,681 [INFO] ThirdParty:1030 - CMSIS Pack Vendor :STMicroelectronics X-CUBE-NFC7 1.0.1
2024-10-18 23:49:44,681 [INFO] ThirdParty:1030 - CMSIS Pack Vendor :STMicroelectronics MBEDTLS 2.14.1
2024-10-18 23:49:44,681 [INFO] ThirdParty:1030 - CMSIS Pack Vendor :STMicroelectronics X-CUBE-NFC7 1.0.0
2024-10-18 23:49:44,681 [INFO] ThirdParty:1030 - CMSIS Pack Vendor :wolfSSL I-CUBE-wolfTPM 3.2.0
2024-10-18 23:49:44,681 [INFO] ThirdParty:1030 - CMSIS Pack Vendor :STMicroelectronics X-CUBE-NFC6 3.0.0
2024-10-18 23:49:44,681 [INFO] ThirdParty:1030 - CMSIS Pack Vendor :STMicroelectronics X-CUBE-EEPRMA1 4.1.0
2024-10-18 23:49:44,681 [INFO] ThirdParty:1030 - CMSIS Pack Vendor :STMicroelectronics X-CUBE-BLEMGR 3.1.0
2024-10-18 23:49:44,681 [INFO] ThirdParty:1030 - CMSIS Pack Vendor :STMicroelectronics FP-SNS-SMARTAG2 1.2.0
2024-10-18 23:49:44,682 [INFO] ThirdParty:1030 - CMSIS Pack Vendor :STMicroelectronics X-CUBE-AZRTOS-WL 2.0.0
2024-10-18 23:49:44,682 [INFO] ThirdParty:1030 - CMSIS Pack Vendor :STMicroelectronics FP-SNS-MOTENV1 5.0.0
2024-10-18 23:49:44,682 [INFO] ThirdParty:1030 - CMSIS Pack Vendor :STMicroelectronics USB_DEVICE 1.0.0
2024-10-18 23:49:44,682 [INFO] ThirdParty:1030 - CMSIS Pack Vendor :STMicroelectronics X-CUBE-AI 8.1.0
2024-10-18 23:49:44,682 [INFO] ThirdParty:1030 - CMSIS Pack Vendor :wolfSSL I-CUBE-wolfMQTT 1.19.0
2024-10-18 23:49:44,682 [INFO] ThirdParty:1030 - CMSIS Pack Vendor :STMicroelectronics X-CUBE-AZRTOS-L4 2.0.0
2024-10-18 23:49:44,682 [INFO] ThirdParty:1030 - CMSIS Pack Vendor :STMicroelectronics ThreadX 0.0.2
2024-10-18 23:49:44,682 [INFO] ThirdParty:1030 - CMSIS Pack Vendor :WES I-CUBE-Cesium 1.3.0
2024-10-18 23:49:44,682 [INFO] ThirdParty:1030 - CMSIS Pack Vendor :STMicroelectronics lwIP 2.1.2
2024-10-18 23:49:44,682 [INFO] ThirdParty:1030 - CMSIS Pack Vendor :STMicroelectronics X-CUBE-SFXS2LP1 4.0.0
2024-10-18 23:49:44,682 [INFO] ThirdParty:1030 - CMSIS Pack Vendor :STMicroelectronics X-CUBE-BLE2 3.3.0
2024-10-18 23:49:44,682 [INFO] ThirdParty:1030 - CMSIS Pack Vendor :STMicroelectronics X-CUBE-TOF1 3.2.0
2024-10-18 23:49:44,682 [INFO] ThirdParty:1030 - CMSIS Pack Vendor :STMicroelectronics PDM2PCM 3.2.0
2024-10-18 23:49:44,682 [INFO] ThirdParty:1030 - CMSIS Pack Vendor :STMicroelectronics X-CUBE-AZRTOS-H7 3.0.0
2024-10-18 23:49:44,682 [INFO] ThirdParty:1030 - CMSIS Pack Vendor :STMicroelectronics X-CUBE-ISPU 1.1.0
2024-10-18 23:49:44,682 [INFO] ThirdParty:1030 - CMSIS Pack Vendor :STMicroelectronics X-CUBE-AZRTOS-H7 3.3.0
2024-10-18 23:49:44,683 [INFO] ThirdParty:1030 - CMSIS Pack Vendor :RoweBots I-CUBE-UNISONRTOS 5.5.0-4
2024-10-18 23:49:44,683 [INFO] ThirdParty:1030 - CMSIS Pack Vendor :STMicroelectronics X-CUBE-NFC9 1.0.0
2024-10-18 23:49:44,683 [INFO] ThirdParty:1030 - CMSIS Pack Vendor :STMicroelectronics USB_DEVICE 3.0.0
2024-10-18 23:49:44,683 [INFO] ThirdParty:1030 - CMSIS Pack Vendor :STMicroelectronics X-CUBE-TCPP 4.1.0
2024-10-18 23:49:44,683 [INFO] ThirdParty:1030 - CMSIS Pack Vendor :STMicroelectronics X-CUBE-AI 8.0.0
2024-10-18 23:49:44,683 [INFO] ThirdParty:1030 - CMSIS Pack Vendor :STMicroelectronics X-CUBE-IPS 3.0.0
2024-10-18 23:49:44,683 [INFO] ThirdParty:1030 - CMSIS Pack Vendor :STMicroelectronics X-CUBE-AZRTOS-WB 2.0.0
2024-10-18 23:49:44,683 [INFO] ThirdParty:1030 - CMSIS Pack Vendor :STMicroelectronics X-CUBE-FREERTOS 1.0.1
2024-10-18 23:49:44,683 [INFO] ThirdParty:1030 - CMSIS Pack Vendor :STMicroelectronics X-CUBE-TOUCHGFX 4.21.1
2024-10-18 23:49:44,683 [INFO] ThirdParty:1030 - CMSIS Pack Vendor :STMicroelectronics X-CUBE-GNSS1 7.0.0
2024-10-18 23:49:44,683 [INFO] ThirdParty:1030 - CMSIS Pack Vendor :STMicroelectronics X-CUBE-TOUCHGFX 4.21.3
2024-10-18 23:49:44,683 [INFO] ThirdParty:1030 - CMSIS Pack Vendor :STMicroelectronics X-CUBE-TOUCHGFX 4.21.4
2024-10-18 23:49:44,683 [INFO] ThirdParty:1030 - CMSIS Pack Vendor :STMicroelectronics FP-SNS-STBOX1 2.0.0
2024-10-18 23:49:44,683 [INFO] ThirdParty:1030 - CMSIS Pack Vendor :STMicroelectronics X-CUBE-ALGOBUILD 1.3.0
2024-10-18 23:49:44,683 [INFO] ThirdParty:1030 - CMSIS Pack Vendor :STMicroelectronics X-CUBE-AZRTOS-L5 1.1.0
2024-10-18 23:49:44,683 [INFO] ThirdParty:1030 - CMSIS Pack Vendor :STMicroelectronics X-CUBE-AZRTOS-G0 1.1.0
2024-10-18 23:49:44,683 [INFO] ThirdParty:1030 - CMSIS Pack Vendor :STMicroelectronics X-CUBE-AI 8.0.1
2024-10-18 23:49:44,683 [INFO] ThirdParty:1030 - CMSIS Pack Vendor :STMicroelectronics X-CUBE-SAFEA1 1.2.2
2024-10-18 23:49:44,684 [INFO] ThirdParty:1030 - CMSIS Pack Vendor :STMicroelectronics X-CUBE-NFC4 3.0.0
2024-10-18 23:49:44,684 [INFO] ThirdParty:1030 - CMSIS Pack Vendor :STMicroelectronics X-CUBE-SUBG2 5.0.0
2024-10-18 23:49:44,684 [INFO] ThirdParty:1030 - CMSIS Pack Vendor :STMicroelectronics STM32_WPAN 1.0.0
2024-10-18 23:49:44,684 [INFO] ThirdParty:1030 - CMSIS Pack Vendor :EmbeddedOffice I-CUBE-FS-RTOS 1.0.1
2024-10-18 23:49:44,684 [INFO] ThirdParty:1030 - CMSIS Pack Vendor :STMicroelectronics lwIP 2.0.3
2024-10-18 23:49:44,684 [INFO] ThirdParty:1030 - CMSIS Pack Vendor :Cesanta I-CUBE-Mongoose 7.13.0
2024-10-18 23:49:44,684 [INFO] ThirdParty:1030 - CMSIS Pack Vendor :STMicroelectronics USB_HOST 1.0.0
2024-10-18 23:49:44,684 [INFO] ThirdParty:1030 - CMSIS Pack Vendor :STMicroelectronics X-CUBE-AZRTOS-G4 2.0.0
2024-10-18 23:49:44,684 [INFO] ThirdParty:1030 - CMSIS Pack Vendor :STMicroelectronics PDM2PCM 3.1.0
2024-10-18 23:49:44,684 [INFO] ThirdParty:1030 - CMSIS Pack Vendor :STMicroelectronics X-CUBE-TOF1 3.3.0
2024-10-18 23:49:44,684 [INFO] ThirdParty:1030 - CMSIS Pack Vendor :STMicroelectronics FP-ATR-ASTRA1 1.1.1
2024-10-18 23:49:44,684 [INFO] ThirdParty:1030 - CMSIS Pack Vendor :Infineon AIROC-Wi-Fi-Bluetooth-STM32 1.5.1
2024-10-18 23:49:44,684 [INFO] ThirdParty:1030 - CMSIS Pack Vendor :RealThread X-CUBE-RT-Thread_Nano 4.1.1
2024-10-18 23:49:44,684 [INFO] ThirdParty:1030 - CMSIS Pack Vendor :STMicroelectronics FP-SNS-MOTENVWB1 1.3.1
2024-10-18 23:49:44,684 [INFO] ThirdParty:1030 - CMSIS Pack Vendor :STMicroelectronics FP-ATR-SIGFOX1 3.2.0
2024-10-18 23:49:44,684 [INFO] ThirdParty:1030 - CMSIS Pack Vendor :STMicroelectronics X-CUBE-AZRTOS-G4 1.0.0
2024-10-18 23:49:44,684 [INFO] ThirdParty:1030 - CMSIS Pack Vendor :STMicroelectronics X-CUBE-AZRTOS-L4 1.0.0
2024-10-18 23:49:44,684 [INFO] ThirdParty:1030 - CMSIS Pack Vendor :STMicroelectronics X-CUBE-ISPU 2.0.0
2024-10-18 23:49:44,685 [INFO] ThirdParty:1030 - CMSIS Pack Vendor :STMicroelectronics X-CUBE-EEPRMA1 5.1.0
2024-10-18 23:49:44,685 [INFO] ThirdParty:1030 - CMSIS Pack Vendor :STMicroelectronics MBEDTLS 2.16.2
2024-10-18 23:49:44,685 [INFO] ThirdParty:1030 - CMSIS Pack Vendor :STMicroelectronics X-CUBE-ALS 1.0.2
2024-10-18 23:49:44,685 [INFO] ThirdParty:1030 - CMSIS Pack Vendor :STMicroelectronics X-CUBE-MEMS1 10.0.0
2024-10-18 23:49:44,685 [INFO] ThirdParty:1030 - CMSIS Pack Vendor :STMicroelectronics X-CUBE-FREERTOS 1.1.0
2024-10-18 23:49:44,685 [INFO] ThirdParty:1030 - CMSIS Pack Vendor :STMicroelectronics X-CUBE-TOUCHGFX 4.24.0
2024-10-18 23:49:44,685 [INFO] ThirdParty:1030 - CMSIS Pack Vendor :STMicroelectronics X-CUBE-AZRTOS-WL 1.0.0
2024-10-18 23:49:44,685 [INFO] ThirdParty:1030 - CMSIS Pack Vendor :STMicroelectronics X-CUBE-TOUCHGFX 4.24.1
2024-10-18 23:49:44,685 [INFO] ThirdParty:1030 - CMSIS Pack Vendor :portGmbH I-Cube-SoM-uGOAL 1.1.0
2024-10-18 23:49:44,685 [INFO] ThirdParty:1030 - CMSIS Pack Vendor :STMicroelectronics X-CUBE-ALS 1.0.1
2024-10-18 23:49:44,685 [INFO] ThirdParty:1030 - CMSIS Pack Vendor :STMicroelectronics X-CUBE-MEMS1 9.5.0
2024-10-18 23:49:44,685 [INFO] ThirdParty:1030 - CMSIS Pack Vendor :STMicroelectronics ThreadX 1.0.0
2024-10-18 23:49:44,685 [INFO] ThirdParty:1030 - CMSIS Pack Vendor :STMicroelectronics X-CUBE-AZRTOS-WB 1.1.0
2024-10-18 23:49:44,685 [INFO] ThirdParty:1030 - CMSIS Pack Vendor :SEGGER I-CUBE-embOS 1.3.1
2024-10-18 23:49:44,685 [INFO] ThirdParty:1030 - CMSIS Pack Vendor :STMicroelectronics X-CUBE-ALGOBUILD 1.4.0
2024-10-18 23:49:44,685 [INFO] ThirdParty:1030 - CMSIS Pack Vendor :STMicroelectronics X-CUBE-AZRTOS-H7RS 1.0.0
2024-10-18 23:49:44,685 [INFO] ThirdParty:1030 - CMSIS Pack Vendor :STMicroelectronics FP-ATR-ASTRA1 2.0.0
2024-10-18 23:49:44,685 [INFO] ThirdParty:1030 - CMSIS Pack Vendor :STMicroelectronics X-CUBE-TOF1 3.4.2
2024-10-18 23:49:44,685 [INFO] ThirdParty:1030 - CMSIS Pack Vendor :STMicroelectronics X-CUBE-AI 9.1.0
2024-10-18 23:49:44,685 [INFO] ThirdParty:1030 - CMSIS Pack Vendor :STMicroelectronics X-CUBE-TOF1 3.4.0
2024-10-18 23:49:44,685 [INFO] ThirdParty:1030 - CMSIS Pack Vendor :STMicroelectronics X-CUBE-AZRTOS-H7 3.2.0
2024-10-18 23:49:44,685 [INFO] ThirdParty:1030 - CMSIS Pack Vendor :wolfSSL I-CUBE-wolfSSH 1.4.17
2024-10-18 23:49:44,686 [INFO] ThirdParty:841 - exiting critical section [change project]
2024-10-18 23:49:45,120 [INFO] PinOutPanel:1561 - setPackage(No Configuration,No Configuration)
2024-10-18 23:49:45,122 [INFO] PinOutPanel:1561 - setPackage(STM32F103RBTx,LQFP64)
2024-10-18 23:49:45,794 [INFO] UtilMem:75 - Before build in PCC Used Memory: 626512384 Bytes (1073741824)
2024-10-18 23:49:46,684 [INFO] UtilMem:75 - After build in PCC Used Memory: 696773136 Bytes (1073741824)
2024-10-18 23:49:46,724 [INFO] IPUIPlugin:80 - create IPUIPlugin
2024-10-18 23:49:46,724 [INFO] IPUIPlugin:80 - create IPUIPlugin
2024-10-18 23:49:46,724 [INFO] IPUIPlugin:80 - create IPUIPlugin
2024-10-18 23:49:46,725 [INFO] IPUIPlugin:80 - create IPUIPlugin
2024-10-18 23:49:46,725 [INFO] IPUIPlugin:80 - create IPUIPlugin
2024-10-18 23:49:46,725 [INFO] IPUIPlugin:80 - create IPUIPlugin
2024-10-18 23:49:46,725 [INFO] IPUIPlugin:80 - create IPUIPlugin
2024-10-18 23:49:46,725 [INFO] IPUIPlugin:80 - create IPUIPlugin
2024-10-18 23:49:46,725 [INFO] IPUIPlugin:80 - create IPUIPlugin
2024-10-18 23:49:46,726 [INFO] IPUIPlugin:80 - create IPUIPlugin
2024-10-18 23:49:46,726 [INFO] IPUIPlugin:80 - create IPUIPlugin
2024-10-18 23:49:46,726 [INFO] IPUIPlugin:80 - create IPUIPlugin
2024-10-18 23:49:46,727 [INFO] IPUIPlugin:80 - create IPUIPlugin
2024-10-18 23:49:46,727 [INFO] IPUIPlugin:80 - create IPUIPlugin
2024-10-18 23:49:46,727 [INFO] IPUIPlugin:80 - create IPUIPlugin
2024-10-18 23:49:46,727 [INFO] IPUIPlugin:80 - create IPUIPlugin
2024-10-18 23:49:46,728 [INFO] IPUIPlugin:80 - create IPUIPlugin
2024-10-18 23:49:46,728 [INFO] IPUIPlugin:80 - create IPUIPlugin
2024-10-18 23:49:46,729 [INFO] IPUIPlugin:80 - create IPUIPlugin
2024-10-18 23:49:46,729 [INFO] IPUIPlugin:80 - create IPUIPlugin
2024-10-18 23:49:46,730 [INFO] IPUIPlugin:80 - create IPUIPlugin
2024-10-18 23:49:46,730 [INFO] IPUIPlugin:80 - create IPUIPlugin
2024-10-18 23:49:46,730 [INFO] IPUIPlugin:80 - create IPUIPlugin
2024-10-18 23:49:46,731 [INFO] IPUIPlugin:80 - create IPUIPlugin
2024-10-18 23:49:46,731 [INFO] IPUIPlugin:80 - create IPUIPlugin
2024-10-18 23:49:46,732 [INFO] IPUIPlugin:80 - create IPUIPlugin
2024-10-18 23:49:46,732 [INFO] IPUIPlugin:80 - create IPUIPlugin
2024-10-18 23:49:46,936 [INFO] CADModel:165 - CPN selected for project levelSTM32F103RBT6
2024-10-18 23:49:46,936 [INFO] CADModel:114 - Register for checkConnection events
2024-10-18 23:49:47,008 [INFO] OpenFileManager:363 - Restore cursor
2024-10-18 23:49:47,726 [INFO] UtilMem:75 - End SaveConfig() Used Memory: 778419488 Bytes (1073741824)
2024-10-18 23:49:49,655 [ERROR] FileExtend:455 - File entry not found
2024-10-18 23:49:49,655 [INFO] FileExtend:240 - Unzip File : stm32cube_fw_f1_v180.zip
2024-10-18 23:49:49,656 [INFO] FileExtend:255 - Standard Zip Deflate
2024-10-18 23:49:57,224 [INFO] ServerAccessManage:473 - Download File stm32cube_fw_f1_v186.zip
2024-10-18 23:49:59,312 [INFO] FileExtend:240 - Unzip File : stm32cube_fw_f1_v186.zip
2024-10-18 23:49:59,312 [INFO] FileExtend:255 - Standard Zip Deflate
2024-10-18 23:50:01,617 [INFO] LoadServerPackagesThread:196 - End of LoadServerPackages Thread
2024-10-18 23:50:01,792 [INFO] ThirdPartyModel:298 - Start build external matchings
2024-10-18 23:50:01,801 [INFO] UtilMem:75 - End SaveConfig() Used Memory: 840676296 Bytes (1073741824)
2024-10-18 23:50:02,596 [INFO] BlockDiagram:2766 - set Specific Code input for plugin: NVIC
2024-10-18 23:50:02,596 [INFO] BlockDiagram:2766 - set Specific Code input for plugin: RCC
2024-10-18 23:50:02,598 [INFO] CodeGenerator:807 - code generatio: config db path: C:\ST\STM32CubeIDE_1.11.2\STM32CubeIDE\plugins\com.st.stm32cube.common.mx_6.12.1.202409122256\\db\
2024-10-18 23:50:02,731 [INFO] CodeEngine:255 - oldGeneratedFile, C:\Users\diobe\Desktop\DISE_ITESM\Communication_Protocols\UART\CProgPrintf\MXTmpFiles\license.tmp_save
2024-10-18 23:50:03,200 [INFO] CodeEngine:279 - Generated code: C:\Users\diobe\Desktop\DISE_ITESM\Communication_Protocols\UART\CProgPrintf\MXTmpFiles\license.tmp
2024-10-18 23:50:03,225 [INFO] CodeEngine:255 - oldGeneratedFile, C:\Users\diobe\Desktop\DISE_ITESM\Communication_Protocols\UART\CProgPrintf\Core\Src\stm32f1xx_it.c_save
2024-10-18 23:50:03,448 [INFO] CodeEngine:279 - Generated code: C:\Users\diobe\Desktop\DISE_ITESM\Communication_Protocols\UART\CProgPrintf\Core\Src\stm32f1xx_it.c
2024-10-18 23:50:03,455 [INFO] CodeEngine:255 - oldGeneratedFile, C:\Users\diobe\Desktop\DISE_ITESM\Communication_Protocols\UART\CProgPrintf\Core\Inc\stm32f1xx_it.h_save
2024-10-18 23:50:03,577 [INFO] CodeEngine:279 - Generated code: C:\Users\diobe\Desktop\DISE_ITESM\Communication_Protocols\UART\CProgPrintf\Core\Inc\stm32f1xx_it.h
2024-10-18 23:50:03,732 [INFO] CodeEngine:255 - oldGeneratedFile, C:\Users\diobe\Desktop\DISE_ITESM\Communication_Protocols\UART\CProgPrintf\Core\Src\stm32f1xx_hal_msp.c_save
2024-10-18 23:50:03,910 [INFO] CodeEngine:279 - Generated code: C:\Users\diobe\Desktop\DISE_ITESM\Communication_Protocols\UART\CProgPrintf\Core\Src\stm32f1xx_hal_msp.c
2024-10-18 23:50:03,919 [INFO] CodeEngine:255 - oldGeneratedFile, C:\Users\diobe\Desktop\DISE_ITESM\Communication_Protocols\UART\CProgPrintf\MXTmpFiles\system.tmp_save
2024-10-18 23:50:04,073 [INFO] CodeEngine:279 - Generated code: C:\Users\diobe\Desktop\DISE_ITESM\Communication_Protocols\UART\CProgPrintf\MXTmpFiles\system.tmp
2024-10-18 23:50:04,088 [INFO] CodeEngine:311 - oldGeneratedFile, C:\Users\diobe\Desktop\DISE_ITESM\Communication_Protocols\UART\CProgPrintf\Core\Inc\stm32f1xx_hal_conf.h_save
2024-10-18 23:50:04,239 [INFO] CodeEngine:335 - Generated code: C:\Users\diobe\Desktop\DISE_ITESM\Communication_Protocols\UART\CProgPrintf\Core\Inc\stm32f1xx_hal_conf.h
2024-10-18 23:50:04,298 [INFO] CodeEngine:255 - oldGeneratedFile, C:\Users\diobe\Desktop\DISE_ITESM\Communication_Protocols\UART\CProgPrintf\Core\Inc\main.h_save
2024-10-18 23:50:04,474 [INFO] CodeEngine:279 - Generated code: C:\Users\diobe\Desktop\DISE_ITESM\Communication_Protocols\UART\CProgPrintf\Core\Inc\main.h
2024-10-18 23:50:04,481 [INFO] CodeEngine:255 - oldGeneratedFile, C:\Users\diobe\Desktop\DISE_ITESM\Communication_Protocols\UART\CProgPrintf\Core\Src\main.c_save
2024-10-18 23:50:04,742 [INFO] CodeEngine:279 - Generated code: C:\Users\diobe\Desktop\DISE_ITESM\Communication_Protocols\UART\CProgPrintf\Core\Src\main.c
2024-10-18 23:50:05,239 [INFO] ProjectBuilder:3249 - Time for Copy HAL[1] : 150mS.
2024-10-18 23:50:05,249 [INFO] ProjectBuilder:4828 - Project Generator version: 4.5.0-B34
2024-10-18 23:50:05,394 [INFO] ConfigFileManager:1531 - The Die is : DIE410
2024-10-18 23:50:05,420 [INFO] ApiDbMcu:508 - Load IP Config File for FATFS
2024-10-18 23:50:05,469 [INFO] ApiDbMcu:508 - Load IP Config File for FREERTOS
2024-10-18 23:50:05,510 [INFO] ApiDbMcu:508 - Load IP Config File for USB_DEVICE
2024-10-18 23:50:06,135 [INFO] LogOutputStream:77 - [STDOUT_REDIRECT] 
2024-10-18 23:50:06,732 [INFO] ThirdPartyModel:316 - End build external matchings
2024-10-18 23:50:06,766 [INFO] CheckServerUpdateThread:120 - End of CheckServer Thread
2024-10-18 23:50:08,733 [INFO] ProjectBuilder:5097 - Time for Generating toolchain IDE Files: 3484mS.
2024-10-18 23:50:08,734 [INFO] ProjectBuilder:3107 - Time for Copy CMSIS : 0mS.
2024-10-18 23:50:08,737 [INFO] ProjectBuilder:3107 - Time for Copy CMSIS : 0mS.
2024-10-18 23:50:09,474 [INFO] McuFinderGlobals:76 - Set McuFinderConnectedMode to true
2024-10-18 23:50:09,496 [INFO] ApiDb:448 - Save user favorites file C:\Users\diobe/.stm32cubeide/favorites.mcus.txt: 0 item(s)
2024-10-18 23:50:09,497 [INFO] ApiDb:452 - User favorites MCUs=[]
2024-10-18 23:50:21,820 [ERROR] LogOutputStream:75 - [STDERR_REDIRECT] java.lang.Error: no ComponentUI class for: com.st.microxplorer.plugins.ip.nvic.CheckBoxHeader[,0,0,0x0,invalid,alignmentX=0.0,alignmentY=0.0,border=,flags=0,maximumSize=,minimumSize=,preferredSize=,defaultIcon=,disabledIcon=,disabledSelectedIcon=,margin=null,paintBorder=true,paintFocus=true,pressedIcon=,rolloverEnabled=false,rolloverIcon=,rolloverSelectedIcon=,selectedIcon=,text=]
2024-10-18 23:50:21,822 [ERROR] LogOutputStream:75 - [STDERR_REDIRECT] 	at java.desktop/javax.swing.UIDefaults.getUIError(UIDefaults.java:763)
2024-10-18 23:50:21,824 [ERROR] LogOutputStream:75 - [STDERR_REDIRECT] 	at java.desktop/javax.swing.MultiUIDefaults.getUIError(MultiUIDefaults.java:144)
2024-10-18 23:50:21,825 [ERROR] LogOutputStream:75 - [STDERR_REDIRECT] 	at java.desktop/javax.swing.UIDefaults.getUI(UIDefaults.java:793)
2024-10-18 23:50:21,827 [ERROR] LogOutputStream:75 - [STDERR_REDIRECT] 	at java.desktop/javax.swing.UIManager.getUI(UIManager.java:1073)
2024-10-18 23:50:21,830 [ERROR] LogOutputStream:75 - [STDERR_REDIRECT] 	at java.desktop/javax.swing.JCheckBox.updateUI(JCheckBox.java:228)
2024-10-18 23:50:21,832 [ERROR] LogOutputStream:75 - [STDERR_REDIRECT] 	at java.desktop/javax.swing.AbstractButton.init(AbstractButton.java:2141)
2024-10-18 23:50:21,834 [ERROR] LogOutputStream:75 - [STDERR_REDIRECT] 	at java.desktop/javax.swing.JToggleButton.<init>(JToggleButton.java:187)
2024-10-18 23:50:21,836 [ERROR] LogOutputStream:75 - [STDERR_REDIRECT] 	at java.desktop/javax.swing.JCheckBox.<init>(JCheckBox.java:176)
2024-10-18 23:50:21,838 [ERROR] LogOutputStream:75 - [STDERR_REDIRECT] 	at java.desktop/javax.swing.JCheckBox.<init>(JCheckBox.java:97)
2024-10-18 23:50:21,839 [ERROR] LogOutputStream:75 - [STDERR_REDIRECT] 	at com.st.microxplorer.plugins.ip.nvic.CheckBoxHeader.<init>(CheckBoxHeader.java:55)
2024-10-18 23:50:21,842 [ERROR] LogOutputStream:75 - [STDERR_REDIRECT] 	at com.st.microxplorer.plugins.ip.nvic.NvicCodeSelectionTable.<init>(NvicCodeSelectionTable.java:75)
2024-10-18 23:50:21,844 [ERROR] LogOutputStream:75 - [STDERR_REDIRECT] 	at com.st.microxplorer.plugins.ip.nvic.NvicCodePanel.initComponents(NvicCodePanel.java:102)
2024-10-18 23:50:21,846 [ERROR] LogOutputStream:75 - [STDERR_REDIRECT] 	at com.st.microxplorer.plugins.ip.nvic.NvicCodePanel.<init>(NvicCodePanel.java:78)
2024-10-18 23:50:21,848 [ERROR] LogOutputStream:75 - [STDERR_REDIRECT] 	at com.st.microxplorer.plugins.ip.nvic.NvicTabbedPanel.<init>(NvicTabbedPanel.java:57)
2024-10-18 23:50:21,851 [ERROR] LogOutputStream:75 - [STDERR_REDIRECT] 	at com.st.microxplorer.plugins.ip.nvic.Nvic.getUI(Nvic.java:73)
2024-10-18 23:50:21,853 [ERROR] LogOutputStream:75 - [STDERR_REDIRECT] 	at com.st.microxplorer.plugins.ipmanager.gui.BlockDiagram.createIpPanel(BlockDiagram.java:424)
2024-10-18 23:50:21,857 [ERROR] LogOutputStream:75 - [STDERR_REDIRECT] 	at com.st.microxplorer.plugins.ipmanager.gui.BlockDiagram.getIPConfigPanel(BlockDiagram.java:574)
2024-10-18 23:50:21,859 [ERROR] LogOutputStream:75 - [STDERR_REDIRECT] 	at com.st.microxplorer.plugins.ipmanager.gui.BlockDiagram.getIPConfigPanel(BlockDiagram.java:480)
2024-10-18 23:50:21,862 [ERROR] LogOutputStream:75 - [STDERR_REDIRECT] 	at com.st.microxplorer.plugins.ipmanager.gui.BlockDiagram.propertyChange(BlockDiagram.java:1407)
2024-10-18 23:50:21,864 [ERROR] LogOutputStream:75 - [STDERR_REDIRECT] 	at java.desktop/java.beans.PropertyChangeSupport.fire(PropertyChangeSupport.java:343)
2024-10-18 23:50:21,866 [ERROR] LogOutputStream:75 - [STDERR_REDIRECT] 	at java.desktop/java.beans.PropertyChangeSupport.firePropertyChange(PropertyChangeSupport.java:335)
2024-10-18 23:50:21,869 [ERROR] LogOutputStream:75 - [STDERR_REDIRECT] 	at java.desktop/java.beans.PropertyChangeSupport.firePropertyChange(PropertyChangeSupport.java:268)
2024-10-18 23:50:21,872 [ERROR] LogOutputStream:75 - [STDERR_REDIRECT] 	at com.st.microxplorer.util.MXPropertyChangeSupport.firePropertyChange(MXPropertyChangeSupport.java:54)
2024-10-18 23:50:21,873 [ERROR] LogOutputStream:75 - [STDERR_REDIRECT] 	at com.st.microxplorer.mxsystem.MxSystem.firePropertyChange(MxSystem.java:358)
2024-10-18 23:50:21,876 [ERROR] LogOutputStream:75 - [STDERR_REDIRECT] 	at com.st.microxplorer.plugins.pinoutconfig.guiV5.PeripheralsSelectionPanel.selectIP(PeripheralsSelectionPanel.java:409)
2024-10-18 23:50:21,878 [ERROR] LogOutputStream:75 - [STDERR_REDIRECT] 	at com.st.microxplorer.plugins.pinoutconfig.guiV5.PeripheralsListListener.mouseClicked(PeripheralsListListener.java:103)
2024-10-18 23:50:21,880 [ERROR] LogOutputStream:75 - [STDERR_REDIRECT] 	at java.desktop/java.awt.AWTEventMulticaster.mouseClicked(AWTEventMulticaster.java:278)
2024-10-18 23:50:21,882 [ERROR] LogOutputStream:75 - [STDERR_REDIRECT] 	at java.desktop/java.awt.Component.processMouseEvent(Component.java:6629)
2024-10-18 23:50:21,883 [ERROR] LogOutputStream:75 - [STDERR_REDIRECT] 	at java.desktop/javax.swing.JComponent.processMouseEvent(JComponent.java:3389)
2024-10-18 23:50:21,885 [ERROR] LogOutputStream:75 - [STDERR_REDIRECT] 	at java.desktop/java.awt.Component.processEvent(Component.java:6391)
2024-10-18 23:50:21,888 [ERROR] LogOutputStream:75 - [STDERR_REDIRECT] 	at java.desktop/java.awt.Container.processEvent(Container.java:2266)
2024-10-18 23:50:21,890 [ERROR] LogOutputStream:75 - [STDERR_REDIRECT] 	at java.desktop/java.awt.Component.dispatchEventImpl(Component.java:5001)
2024-10-18 23:50:21,892 [ERROR] LogOutputStream:75 - [STDERR_REDIRECT] 	at java.desktop/java.awt.Container.dispatchEventImpl(Container.java:2324)
2024-10-18 23:50:21,893 [ERROR] LogOutputStream:75 - [STDERR_REDIRECT] 	at java.desktop/java.awt.Component.dispatchEvent(Component.java:4833)
2024-10-18 23:50:21,895 [ERROR] LogOutputStream:75 - [STDERR_REDIRECT] 	at java.desktop/java.awt.LightweightDispatcher.retargetMouseEvent(Container.java:4948)
2024-10-18 23:50:21,897 [ERROR] LogOutputStream:75 - [STDERR_REDIRECT] 	at java.desktop/java.awt.LightweightDispatcher.processMouseEvent(Container.java:4584)
2024-10-18 23:50:21,898 [ERROR] LogOutputStream:75 - [STDERR_REDIRECT] 	at java.desktop/java.awt.LightweightDispatcher.dispatchEvent(Container.java:4516)
2024-10-18 23:50:21,900 [ERROR] LogOutputStream:75 - [STDERR_REDIRECT] 	at java.desktop/java.awt.Container.dispatchEventImpl(Container.java:2310)
2024-10-18 23:50:21,902 [ERROR] LogOutputStream:75 - [STDERR_REDIRECT] 	at java.desktop/java.awt.Component.dispatchEvent(Component.java:4833)
2024-10-18 23:50:21,904 [ERROR] LogOutputStream:75 - [STDERR_REDIRECT] 	at java.desktop/java.awt.EventQueue.dispatchEventImpl(EventQueue.java:775)
2024-10-18 23:50:21,905 [ERROR] LogOutputStream:75 - [STDERR_REDIRECT] 	at java.desktop/java.awt.EventQueue$4.run(EventQueue.java:720)
2024-10-18 23:50:21,907 [ERROR] LogOutputStream:75 - [STDERR_REDIRECT] 	at java.desktop/java.awt.EventQueue$4.run(EventQueue.java:714)
2024-10-18 23:50:21,908 [ERROR] LogOutputStream:75 - [STDERR_REDIRECT] 	at java.base/java.security.AccessController.doPrivileged(AccessController.java:399)
2024-10-18 23:50:21,911 [ERROR] LogOutputStream:75 - [STDERR_REDIRECT] 	at java.base/java.security.ProtectionDomain$JavaSecurityAccessImpl.doIntersectionPrivilege(ProtectionDomain.java:86)
2024-10-18 23:50:21,914 [ERROR] LogOutputStream:75 - [STDERR_REDIRECT] 	at java.base/java.security.ProtectionDomain$JavaSecurityAccessImpl.doIntersectionPrivilege(ProtectionDomain.java:97)
2024-10-18 23:50:21,915 [ERROR] LogOutputStream:75 - [STDERR_REDIRECT] 	at java.desktop/java.awt.EventQueue$5.run(EventQueue.java:747)
2024-10-18 23:50:21,916 [ERROR] LogOutputStream:75 - [STDERR_REDIRECT] 	at java.desktop/java.awt.EventQueue$5.run(EventQueue.java:745)
2024-10-18 23:50:21,918 [ERROR] LogOutputStream:75 - [STDERR_REDIRECT] 	at java.base/java.security.AccessController.doPrivileged(AccessController.java:399)
2024-10-18 23:50:21,920 [ERROR] LogOutputStream:75 - [STDERR_REDIRECT] 	at java.base/java.security.ProtectionDomain$JavaSecurityAccessImpl.doIntersectionPrivilege(ProtectionDomain.java:86)
2024-10-18 23:50:21,922 [ERROR] LogOutputStream:75 - [STDERR_REDIRECT] 	at java.desktop/java.awt.EventQueue.dispatchEvent(EventQueue.java:744)
2024-10-18 23:50:21,924 [ERROR] LogOutputStream:75 - [STDERR_REDIRECT] 	at java.desktop/java.awt.EventDispatchThread.pumpOneEventForFilters(EventDispatchThread.java:203)
2024-10-18 23:50:21,926 [ERROR] LogOutputStream:75 - [STDERR_REDIRECT] 	at java.desktop/java.awt.EventDispatchThread.pumpEventsForFilter(EventDispatchThread.java:124)
2024-10-18 23:50:21,927 [ERROR] LogOutputStream:75 - [STDERR_REDIRECT] 	at java.desktop/java.awt.EventDispatchThread.pumpEventsForHierarchy(EventDispatchThread.java:113)
2024-10-18 23:50:21,929 [ERROR] LogOutputStream:75 - [STDERR_REDIRECT] 	at java.desktop/java.awt.EventDispatchThread.pumpEvents(EventDispatchThread.java:109)
2024-10-18 23:50:21,930 [ERROR] LogOutputStream:75 - [STDERR_REDIRECT] 	at java.desktop/java.awt.EventDispatchThread.pumpEvents(EventDispatchThread.java:101)
2024-10-18 23:50:21,932 [ERROR] LogOutputStream:75 - [STDERR_REDIRECT] 	at java.desktop/java.awt.EventDispatchThread.run(EventDispatchThread.java:90)
2024-10-18 23:50:21,940 [ERROR] LogOutputStream:75 - [STDERR_REDIRECT] java.lang.Error: no ComponentUI class for: com.st.microxplorer.plugins.ip.nvic.CheckBoxHeader[,0,0,0x0,invalid,alignmentX=0.0,alignmentY=0.0,border=,flags=0,maximumSize=,minimumSize=,preferredSize=,defaultIcon=,disabledIcon=,disabledSelectedIcon=,margin=null,paintBorder=true,paintFocus=true,pressedIcon=,rolloverEnabled=false,rolloverIcon=,rolloverSelectedIcon=,selectedIcon=,text=]
2024-10-18 23:50:21,941 [ERROR] LogOutputStream:75 - [STDERR_REDIRECT] 	at java.desktop/javax.swing.UIDefaults.getUIError(UIDefaults.java:763)
2024-10-18 23:50:21,943 [ERROR] LogOutputStream:75 - [STDERR_REDIRECT] 	at java.desktop/javax.swing.MultiUIDefaults.getUIError(MultiUIDefaults.java:144)
2024-10-18 23:50:21,944 [ERROR] LogOutputStream:75 - [STDERR_REDIRECT] 	at java.desktop/javax.swing.UIDefaults.getUI(UIDefaults.java:793)
2024-10-18 23:50:21,946 [ERROR] LogOutputStream:75 - [STDERR_REDIRECT] 	at java.desktop/javax.swing.UIManager.getUI(UIManager.java:1073)
2024-10-18 23:50:21,947 [ERROR] LogOutputStream:75 - [STDERR_REDIRECT] 	at java.desktop/javax.swing.JCheckBox.updateUI(JCheckBox.java:228)
2024-10-18 23:50:21,948 [ERROR] LogOutputStream:75 - [STDERR_REDIRECT] 	at java.desktop/javax.swing.AbstractButton.init(AbstractButton.java:2141)
2024-10-18 23:50:21,950 [ERROR] LogOutputStream:75 - [STDERR_REDIRECT] 	at java.desktop/javax.swing.JToggleButton.<init>(JToggleButton.java:187)
2024-10-18 23:50:21,951 [ERROR] LogOutputStream:75 - [STDERR_REDIRECT] 	at java.desktop/javax.swing.JCheckBox.<init>(JCheckBox.java:176)
2024-10-18 23:50:21,953 [ERROR] LogOutputStream:75 - [STDERR_REDIRECT] 	at java.desktop/javax.swing.JCheckBox.<init>(JCheckBox.java:97)
2024-10-18 23:50:21,955 [ERROR] LogOutputStream:75 - [STDERR_REDIRECT] 	at com.st.microxplorer.plugins.ip.nvic.CheckBoxHeader.<init>(CheckBoxHeader.java:55)
2024-10-18 23:50:21,958 [ERROR] LogOutputStream:75 - [STDERR_REDIRECT] 	at com.st.microxplorer.plugins.ip.nvic.NvicCodeSelectionTable.<init>(NvicCodeSelectionTable.java:78)
2024-10-18 23:50:21,961 [ERROR] LogOutputStream:75 - [STDERR_REDIRECT] 	at com.st.microxplorer.plugins.ip.nvic.NvicCodePanel.initComponents(NvicCodePanel.java:102)
2024-10-18 23:50:21,963 [ERROR] LogOutputStream:75 - [STDERR_REDIRECT] 	at com.st.microxplorer.plugins.ip.nvic.NvicCodePanel.<init>(NvicCodePanel.java:78)
2024-10-18 23:50:21,966 [ERROR] LogOutputStream:75 - [STDERR_REDIRECT] 	at com.st.microxplorer.plugins.ip.nvic.NvicTabbedPanel.<init>(NvicTabbedPanel.java:57)
2024-10-18 23:50:21,967 [ERROR] LogOutputStream:75 - [STDERR_REDIRECT] 	at com.st.microxplorer.plugins.ip.nvic.Nvic.getUI(Nvic.java:73)
2024-10-18 23:50:21,970 [ERROR] LogOutputStream:75 - [STDERR_REDIRECT] 	at com.st.microxplorer.plugins.ipmanager.gui.BlockDiagram.createIpPanel(BlockDiagram.java:424)
2024-10-18 23:50:21,972 [ERROR] LogOutputStream:75 - [STDERR_REDIRECT] 	at com.st.microxplorer.plugins.ipmanager.gui.BlockDiagram.getIPConfigPanel(BlockDiagram.java:574)
2024-10-18 23:50:21,974 [ERROR] LogOutputStream:75 - [STDERR_REDIRECT] 	at com.st.microxplorer.plugins.ipmanager.gui.BlockDiagram.getIPConfigPanel(BlockDiagram.java:480)
2024-10-18 23:50:21,976 [ERROR] LogOutputStream:75 - [STDERR_REDIRECT] 	at com.st.microxplorer.plugins.ipmanager.gui.BlockDiagram.propertyChange(BlockDiagram.java:1407)
2024-10-18 23:50:21,977 [ERROR] LogOutputStream:75 - [STDERR_REDIRECT] 	at java.desktop/java.beans.PropertyChangeSupport.fire(PropertyChangeSupport.java:343)
2024-10-18 23:50:21,979 [ERROR] LogOutputStream:75 - [STDERR_REDIRECT] 	at java.desktop/java.beans.PropertyChangeSupport.firePropertyChange(PropertyChangeSupport.java:335)
2024-10-18 23:50:21,981 [ERROR] LogOutputStream:75 - [STDERR_REDIRECT] 	at java.desktop/java.beans.PropertyChangeSupport.firePropertyChange(PropertyChangeSupport.java:268)
2024-10-18 23:50:21,982 [ERROR] LogOutputStream:75 - [STDERR_REDIRECT] 	at com.st.microxplorer.util.MXPropertyChangeSupport.firePropertyChange(MXPropertyChangeSupport.java:54)
2024-10-18 23:50:21,984 [ERROR] LogOutputStream:75 - [STDERR_REDIRECT] 	at com.st.microxplorer.mxsystem.MxSystem.firePropertyChange(MxSystem.java:358)
2024-10-18 23:50:21,987 [ERROR] LogOutputStream:75 - [STDERR_REDIRECT] 	at com.st.microxplorer.plugins.pinoutconfig.guiV5.PeripheralsSelectionPanel.selectIP(PeripheralsSelectionPanel.java:409)
2024-10-18 23:50:21,991 [ERROR] LogOutputStream:75 - [STDERR_REDIRECT] 	at com.st.microxplorer.plugins.pinoutconfig.guiV5.PeripheralsListListener.mouseClicked(PeripheralsListListener.java:103)
2024-10-18 23:50:21,993 [ERROR] LogOutputStream:75 - [STDERR_REDIRECT] 	at java.desktop/java.awt.AWTEventMulticaster.mouseClicked(AWTEventMulticaster.java:278)
2024-10-18 23:50:21,994 [ERROR] LogOutputStream:75 - [STDERR_REDIRECT] 	at java.desktop/java.awt.Component.processMouseEvent(Component.java:6629)
2024-10-18 23:50:21,996 [ERROR] LogOutputStream:75 - [STDERR_REDIRECT] 	at java.desktop/javax.swing.JComponent.processMouseEvent(JComponent.java:3389)
2024-10-18 23:50:21,997 [ERROR] LogOutputStream:75 - [STDERR_REDIRECT] 	at java.desktop/java.awt.Component.processEvent(Component.java:6391)
2024-10-18 23:50:21,999 [ERROR] LogOutputStream:75 - [STDERR_REDIRECT] 	at java.desktop/java.awt.Container.processEvent(Container.java:2266)
2024-10-18 23:50:22,000 [ERROR] LogOutputStream:75 - [STDERR_REDIRECT] 	at java.desktop/java.awt.Component.dispatchEventImpl(Component.java:5001)
2024-10-18 23:50:22,001 [ERROR] LogOutputStream:75 - [STDERR_REDIRECT] 	at java.desktop/java.awt.Container.dispatchEventImpl(Container.java:2324)
2024-10-18 23:50:22,003 [ERROR] LogOutputStream:75 - [STDERR_REDIRECT] 	at java.desktop/java.awt.Component.dispatchEvent(Component.java:4833)
2024-10-18 23:50:22,005 [ERROR] LogOutputStream:75 - [STDERR_REDIRECT] 	at java.desktop/java.awt.LightweightDispatcher.retargetMouseEvent(Container.java:4948)
2024-10-18 23:50:22,006 [ERROR] LogOutputStream:75 - [STDERR_REDIRECT] 	at java.desktop/java.awt.LightweightDispatcher.processMouseEvent(Container.java:4584)
2024-10-18 23:50:22,008 [ERROR] LogOutputStream:75 - [STDERR_REDIRECT] 	at java.desktop/java.awt.LightweightDispatcher.dispatchEvent(Container.java:4516)
2024-10-18 23:50:22,009 [ERROR] LogOutputStream:75 - [STDERR_REDIRECT] 	at java.desktop/java.awt.Container.dispatchEventImpl(Container.java:2310)
2024-10-18 23:50:22,010 [ERROR] LogOutputStream:75 - [STDERR_REDIRECT] 	at java.desktop/java.awt.Component.dispatchEvent(Component.java:4833)
2024-10-18 23:50:22,012 [ERROR] LogOutputStream:75 - [STDERR_REDIRECT] 	at java.desktop/java.awt.EventQueue.dispatchEventImpl(EventQueue.java:775)
2024-10-18 23:50:22,013 [ERROR] LogOutputStream:75 - [STDERR_REDIRECT] 	at java.desktop/java.awt.EventQueue$4.run(EventQueue.java:720)
2024-10-18 23:50:22,014 [ERROR] LogOutputStream:75 - [STDERR_REDIRECT] 	at java.desktop/java.awt.EventQueue$4.run(EventQueue.java:714)
2024-10-18 23:50:22,015 [ERROR] LogOutputStream:75 - [STDERR_REDIRECT] 	at java.base/java.security.AccessController.doPrivileged(AccessController.java:399)
2024-10-18 23:50:22,017 [ERROR] LogOutputStream:75 - [STDERR_REDIRECT] 	at java.base/java.security.ProtectionDomain$JavaSecurityAccessImpl.doIntersectionPrivilege(ProtectionDomain.java:86)
2024-10-18 23:50:22,020 [ERROR] LogOutputStream:75 - [STDERR_REDIRECT] 	at java.base/java.security.ProtectionDomain$JavaSecurityAccessImpl.doIntersectionPrivilege(ProtectionDomain.java:97)
2024-10-18 23:50:22,022 [ERROR] LogOutputStream:75 - [STDERR_REDIRECT] 	at java.desktop/java.awt.EventQueue$5.run(EventQueue.java:747)
2024-10-18 23:50:22,023 [ERROR] LogOutputStream:75 - [STDERR_REDIRECT] 	at java.desktop/java.awt.EventQueue$5.run(EventQueue.java:745)
2024-10-18 23:50:22,025 [ERROR] LogOutputStream:75 - [STDERR_REDIRECT] 	at java.base/java.security.AccessController.doPrivileged(AccessController.java:399)
2024-10-18 23:50:22,028 [ERROR] LogOutputStream:75 - [STDERR_REDIRECT] 	at java.base/java.security.ProtectionDomain$JavaSecurityAccessImpl.doIntersectionPrivilege(ProtectionDomain.java:86)
2024-10-18 23:50:22,029 [ERROR] LogOutputStream:75 - [STDERR_REDIRECT] 	at java.desktop/java.awt.EventQueue.dispatchEvent(EventQueue.java:744)
2024-10-18 23:50:22,031 [ERROR] LogOutputStream:75 - [STDERR_REDIRECT] 	at java.desktop/java.awt.EventDispatchThread.pumpOneEventForFilters(EventDispatchThread.java:203)
2024-10-18 23:50:22,033 [ERROR] LogOutputStream:75 - [STDERR_REDIRECT] 	at java.desktop/java.awt.EventDispatchThread.pumpEventsForFilter(EventDispatchThread.java:124)
2024-10-18 23:50:22,035 [ERROR] LogOutputStream:75 - [STDERR_REDIRECT] 	at java.desktop/java.awt.EventDispatchThread.pumpEventsForHierarchy(EventDispatchThread.java:113)
2024-10-18 23:50:22,037 [ERROR] LogOutputStream:75 - [STDERR_REDIRECT] 	at java.desktop/java.awt.EventDispatchThread.pumpEvents(EventDispatchThread.java:109)
2024-10-18 23:50:22,038 [ERROR] LogOutputStream:75 - [STDERR_REDIRECT] 	at java.desktop/java.awt.EventDispatchThread.pumpEvents(EventDispatchThread.java:101)
2024-10-18 23:50:22,040 [ERROR] LogOutputStream:75 - [STDERR_REDIRECT] 	at java.desktop/java.awt.EventDispatchThread.run(EventDispatchThread.java:90)
2024-10-18 23:51:02,812 [INFO] NvicIntPanel:101 - NVIC parent = com.st.microxplorer.plugins.ip.nvic.MultiNvicIntPanel[,0,0,452x542,layout=javax.swing.BoxLayout,alignmentX=0.0,alignmentY=0.0,border=,flags=9,maximumSize=,minimumSize=,preferredSize=]
2024-10-18 23:54:04,300 [INFO] Gpio:277 - dependency for GPIO []
2024-10-18 23:57:02,720 [INFO] Gpio:277 - dependency for GPIO []
2024-10-18 23:57:15,664 [INFO] Gpio:277 - dependency for GPIO []
2024-10-18 23:57:28,570 [INFO] Gpio:277 - dependency for GPIO []
2024-10-18 23:58:53,993 [INFO] Gpio:277 - dependency for GPIO []
